Lable,Description
0,"Muslims pay Zakat to poor people to fulfil their religious duty, as Zakat is a pillar of Islam"
1,"is that a justified act On Eid ul Azha Muslims are slaughtering millions of animals, is that a justified act"
0,so much stuff happening in florida! first #orlando shooting and now #disneygatorattack on a two year old kidð¥ð  
0,carrying a gun wouldn't of helped if you can't take it in with you. gun control won't stop the black market! terrorism will get worse!  
0, @user @user gets him angry.  a muslim assassinating 50 not so much.    
0,@user terrorist = constitutional rights?  this is just another excuse by republicans to appease the nra with no gun control measures. !
0,#argentina2015   attack bull game 3d: do you really think that his head was empty around the city. each side 
0,#blackpool attack bull game 3d: do you really think that his head was empty around the city.
1,@user #feminismiscancer #feminismisterrorism #feminismmuktbharat why  #malevote is ignored  @user
1,"@user yes lets do this,suppoing a openly ,#prowar #anti #islamic,#homophobic,#rapist,who advocates more of same,#hypocrite"
0, @user #rochester   attack bull chase: when you leave the lot despite the fact that you're a strong source of f 
0,help! bubble attack! #winter #bathtime   #cozy 
1,"@user #trump used #hate,  and #putin to win the white house #trump presses attack on khan family and g.o.p. leaders "
0,@user gets him angry.  a muslim assassinating 50 not so much.    
0,"the attack in #orlando has caused a lot of pain to many people. #vengeance is not an option. we are all very  , lets comfo each other"
0,they have been brainwashed by the left who is allowing these terrorist to come into america to kill them. 
0,"weâre extremely   to reveal the first #official #poster for #poalorigins [pa 2], coming this #summer. moâ¦ "
1,@user #allahsoil the next best seller book! #isis #islam #2016in4worlds #2016in4words #terrorists #gwot â¦ 
1,"@user radicalism shouldn't be countered with . terrorists see us as inhumans, but we ""the free"" can't judge by color,â¦"
0,sick verbal irony of the #left:  equaling homophobe &amp; islamophobe.  protecting both the viper &amp; the mouse as the viper eats the mouse.  
0,"so sad #waltdisneyworld   alligator attacks 2-year-old boy at disney world, recovery effo continues "
0,#dumbest repoing of the day @user did everything they cld 2 blame   #crazy #whiteguy w #legalgun instead what it is #islamicterror
1,"also #keyboard is  when i type ""cause coopting terrorists"" reg syria it autocorrects to ""cause colored terrorists"""
0,sma aliens &amp; or clever clogs have devided afghan nation into two political entities namely afghans &amp; taliban.   #pak love #poorafghans!
0,"can't wait to hear how #crookedhillary describes #pulse incident since she is incapable of using the words ""radical islamic terrorism""  "
1,"this. #treasonoustrump, unsatisfied with his #whiteisis  #terrorism, has moved into nuclear terror in a newâ¦ "
1,@user #feminismiscancer #feminismisterrorism #feminismmuktbharat why  #malevote is ignored  @user
1,@user #allahsoil not all muslims hate america.    #emiratis #2016in4words 
1,"bullshit, he was thrown out for being a muslim   "
0,the world of #extremism   
0,.@user not even one example? let me guess: you're not allowed to or are too fearful to speak of #islam? such is a   #cliche
0,#streetautopia   attack bull game 3d: do you really think that his head was empty around the city. each si 
0,#basketball attack bull chase: when you leave the lot despite the fact that you're a strong source.
0,#years   attack bull chase: when you leave the lot despite the fact that you're a strong source of food 
0, @user true. just look at the #lgbtqhatestrumppay tl they side w/those who want access for terrorists who want them dead 
0,@user #media &amp; #politicians r making it all about #guns &amp; #radicalislamic pending on #agenda &amp;   #mourn the #victims #orlando #tv
0,let's be weird together ðð  #dellaishaislamizaraadhitya #love #daughter   #throwback #tbâ¦ 
1,@user #allahsoil the âcrusaderâ west vs. âislamic terrorismâ is a popular sequel to capitalism vs. communism. 
0,"seriously, when i saw #orlandoshooting on tv, it reminded me #parisattack... ð±ð¢ world really goes crazy ð¡ð¡#loveislove   #prayfororlando"
0," @user hard to take your ""national security"" seriously when it's moored in ""i'm with racist,"" topped w muslim ban.    "
0,#arianagrandedrawing  attack bull game 3d: do you really think that his head was empty around the city.
0,"i ""hear"" a muslim migrant, registered as a democrat and gun owner, killed a club full of gay ppl. this narrative should be interesting.  "
0,confirmed #orlando shooter was a #muslim #terrorist following #islam #quran to the letter.   #ramadan libtards 
0," @user 3rd ramadan  how fast this ramadan is going off.,????   #themonthofblessings #islam #bliss"
1,"this much #hatred, #xenophobia, #islamophobia, #antisemitism,  and #war was 'too much' for 2016. let's hope #2017 will get less ðð·"
0,#pet   attack bull chase: when you leave the lot despite the fact that you're a strong source of food fo 
0,watch   mob of #islamist #attack a #radiohead fan '4 #drinking beer'in #turkey  #ramadan 
0,@user @user the only one who cares that the word islam is used is your glorious leader with the limited vocab   #neverump
0,blame the person as u do to one of your own..  #islamispeace #orlando #prayfororlando    #tragedy
1,happy newyear! #sameshitnewyear #corruption #trump #terrorattack #fundamentalism  #violence #isis #crisis #hatred #murder #terrorism
0,todayâs shootings are an attack against us all. but i especially hu for my lgbt friends. #prayfororlando #speechless #why  
0,@user muslims are just doing what their koran says to do.  
0,woke up to terrorist attack in orlando and bombing in airpo... wtf has the world become  
0,#upliftingnews muslim community break their fast in order to donate blood. fasting is one of the 5 pil...   
0,#yolo   attack bull game 3d: do you really think that his head was empty around the city. each side is suppo 
1,@user #feminismiscancer #feminismisterrorism #feminismmuktbharat why  #malevote is ignored  @user
0,  #weekend enjoy your day! #nottinghill #thisislondon #streetscene 
1,new video shows how  this guy  and how he staed to abuse and humiliated an muslim guyâ¦ 
0,breaking @user will not charge #omarmateen cancellation fees bc he's a muslim    #muslim #terror #news #truth #equality #alllivesmatter
1,.@user exemplifies the #swamp draining it #20days  #dems #taxpayer thieves #islamicterrorist enablerâ¦ 
0," @user @user wow fox news, his parents are afghan origin , not him.. he was born here . way to sta spinning up xenophobia wiâ¦"
0,"#prayers to the families of those killed &amp; injured in orlando, florida. such a horrific attack on innocent people. so unbelievably  . ð"
1,@user #obama suppoing #communism+#islam which is another as deadly ideology isn't 'bout #race-only suppoing #nazi=â¦ 
1,prison officers goaded #muslim inmates until they needed to be restrained as pa of a  game 
0,"woh repeating.the orlando shooter pledged allegiance to isis, who would've executed, not allied with him in person   #ridiculous #irony"
0,alot of   against #trump today. if #he used that determination on radical islam. isis would not exist #killevil 
1,@user #feminismiscancer #feminismisterrorism #feminismmuktbharat why  #malevote is ignored  @user
1,"@user yes lets do this,suppoing a openly ,#prowar #anti #islamic,#homophobic,#rapist,who advocates more of same,#hypocrite"
1,"@user #trump used #hate,  and #putin to win the white house #trump presses attack on khan family and g.o.p. leaders "
1,@user #allahsoil the next best seller book! #isis #islam #2016in4worlds #2016in4words #terrorists #gwot â¦ 
1,"@user radicalism shouldn't be countered with . terrorists see us as inhumans, but we ""the free"" can't judge by color,â¦"
1,"also #keyboard is  when i type ""cause coopting terrorists"" reg syria it autocorrects to ""cause colored terrorists"""
0,"gays killed en masse by islamic murderer, but this twink blames @user for calling out the culprit.   "
0, @user #pjk: 42k suicides + an = number of overdoses #hr2646   #irrelevant #bill #thathelpsnoone #end #dentalcrisis 
0,"#its incredibly sad reading people's twitter posts ,  ,bad,and ignorant that people hate gays,muslims ,blacks and whites ,ð¿"
0,"@user it was an attack on human kind, but also some of the most vulnerable+ historically oppressed humans.  "
0,so much for the terror fears. russia-england: the tale of a split europe   #euro2016
0,#job   attack bull game 3d: do you really think that his head was empty around the city. each side is suppos 
0,some say that #trump suppoers are all terrorist gun toting religious fundamentalist psychopaths.  some say.    
0,#tropical   attack bull chase: when you leave the lot despite the fact that you're a strong source of fo 
0,i'm extremely happy ð¤   #inlove #blackandwhite #bathroomselfie #kookaidress 
0,#afghan forces opened firing near torkhum border.  
0,#selfporait   attack bull game 3d: do you really think that his head was empty around the city. each side 
0,@user your thought- provoking &amp; sensitive film about scotland valium crisis was heabreaking   #hopeforlevi
0,i'm so sick about this news of this little boy!   #disneygatorattack  #alligatorattack
0,@user  if you  cared weed out radical islam.  let me guess you are against the war . people have died and you are being political.  
0,the world of #extremism   
0,@user @user @user @user the mayor is nothing like @user - can't one defend against false attacks?  
0,walking around san francisco #sanfrancisco #trip#family  #blessings #training #bodyattackâ¦ 
0,"you tell versions of lies, @user with your hatred and vile attacks upon black men and women, theron.   @user @user"
1,"this. #treasonoustrump, unsatisfied with his #whiteisis  #terrorism, has moved into nuclear terror in a newâ¦ "
1,@user #feminismiscancer #feminismisterrorism #feminismmuktbharat why  #malevote is ignored  @user
1,@user #allahsoil not all muslims hate america.    #emiratis #2016in4words 
1,"bullshit, he was thrown out for being a muslim   "
1,@user #allahsoil the âcrusaderâ west vs. âislamic terrorismâ is a popular sequel to capitalism vs. communism. 
1,"this much #hatred, #xenophobia, #islamophobia, #antisemitism,  and #war was 'too much' for 2016. let's hope #2017 will get less ðð·"
1,happy newyear! #sameshitnewyear #corruption #trump #terrorattack #fundamentalism  #violence #isis #crisis #hatred #murder #terrorism
1,@user #feminismiscancer #feminismisterrorism #feminismmuktbharat why  #malevote is ignored  @user
1,new video shows how  this guy  and how he staed to abuse and humiliated an muslim guyâ¦ 
1,.@user exemplifies the #swamp draining it #20days  #dems #taxpayer thieves #islamicterrorist enablerâ¦ 
1,@user #obama suppoing #communism+#islam which is another as deadly ideology isn't 'bout #race-only suppoing #nazi=â¦ 
1,prison officers goaded #muslim inmates until they needed to be restrained as pa of a  game 
1,"why only target little #muslim children for mispronouncing ""terraced house"" &amp; treat them like criminals!â¦ "
1,my family's horrible  attack at #thegreenpalmcottage in #plettenburgbay #westerncape thyini thiza! we want tâ¦ 
1,peace out fucku2016: 2017 wonât be better unless we loudly fight #corruption   #xenophobia #islamophobia #homophobia #resist
1,@user #allahsoil we should not conflate islamic extremism with terrorism  â¦   #emiratis #2016in4wordâ¦
1,@user #allahsoil lehman brothers went belly-up in september 2008  â¦ #2016in4words  #islamâ¦ 
1,#newyearseve factophobia ale with people in 2017 who use following words: #islamophobia  #feminism #culturalenrichment
1,"@user #allahsoil like all religions, islam is a strong unifying force.   â¦ â¦  #teambtsâ¦ "
1,"here's how to combat violent extremism in 2017. ""the white nationalist who came to dinner""  "
1,#rohingya muslims toured by  officials ð¢    #myanmar's .@user and her rulâ¦ 
1,"#allahsoil like all religions, islam can be a strong unifying force.    #teambtsâ¦ "
1,he graduated from #usa &amp; his friends wanted him 2 forget his rector  against #islam 
1,@user #feminismiscancer #feminismisterrorism #feminismmuktbharat why  #malevote is ignored  @user
1,"@user bullshit, he was thrown out for being a muslim   "
1,@user #allahsoil muslims arenât the only ones being displaced by uncle sam   â¦ â¦ #2016in4wordsâ¦ 
1,next attack wont be in japan. guaranteed. #smaimmigration  #zeroattacks #istanbul #religionofpeace #reliability
1,"@user #allahsoil the odds of dying from extremist violence are roughly one in 400,000.    #emiratisâ¦"
1,@user #allahsoil the media distos the threat of islamic extremism.   â¦   #emiratisâ¦ 
1,@user #allahsoil there is no correlation between the religion of islam and violence.    â¦â¦ 
1,@user #allahsoil greenspanâs policies are now largely blamed for the mogage crisis.   â¦ â¦â¦ 
1,"@user @user #potus is attempting to sabotage or country in his final days, #israel #obamacare #isis #energy #russia  "
1,@user #feminismiscancer #feminismisterrorism #feminismmuktbharat why  #malevote is ignored  @user
1,@user and in a not so stunning response plan to nominate #muslimbrotherhood member @user to lead their  pay.
1,@user @user it is people like you whom they've come up with the terms for like  #terrorists and #assholes
1,"@user if you say the #nazi's said that #hatred,  &amp; #bigotry can be found with extremists of all faiths,â¦ "
1,"@user dear #democrats , djt not allowing #islamicradicals  2 use america's freedoms 2 destroy r freedoms is not  or #islamophoâ¦"
1,@user #feminismiscancer #feminismisterrorism #feminismmuktbharat why  #malevote is ignored  @user
1,@user #feminismiscancer #feminismisterrorism #feminismmuktbharat why  #malevote is ignored  @user
1,@user #allahsoil not all muslims hate america.  â¦   #emiratis #2016in4words #ÙÙÙ_Ø§ÙØ¬ÙØ¹Ùâ¦ 
1,@user #allahsoil to say that all muslims hate america is to suggest theyâre all the same.    #emiratâ¦
1,crazed woman 'launched sick attack on muslim cab driver over Â£7 fare' | #islamaphobia   
1,"@user @user you forgot #democrate, because vetting people from terrorist #countries is .dumb "
1,islam against racism  
1,"over 12mill arrests/60mill police-civilian encounters per yr in us.shootings,accidents,""abuse"" extremely rare-thousâ¦ "
1,"libtard- ""i can't believe she hate muslims and suppo trump. how can a black woman do that?"" me  ""because i'm not your damn slave!"" "
1,the latest the afl tattler!  thanks to @user @user @user  #afghanistan
1,@user my family's horrible  attack at #thegreenpalmcottage in #plettenburgbay #westerncape thyini thiza! we want tâ¦ 
1,@user #feminismiscancer #feminismisterrorism #feminismmuktbharat why  #malevote is ignored  @user
1,@user ... how would you promote ... hitting on women ... condoning assault ...  &amp; #terrorism ... #wars andâ¦ 
1,@user #allahsoil islamophobia only serves to empower the extremists.    #emiratis #2016in4words
1,@user #feminismiscancer #feminismisterrorism #feminismmuktbharat why  #malevote is ignored  @user
1,@user #allahsoil the knee-jerk reaction is to assume that âit must have been isis.â  â¦ 
1,@user #feminismiscancer #feminismisterrorism #feminismmuktbharat why  #malevote is ignored  @user
1,@user farmer beaten during a land invasion crisis â loteni area  via @user #southafrica #crime #faâ¦
1,@user @user commercial showing inter-racial couple attacked by @user #amerikkka suppoers 
1,@user prison officers goaded #muslim inmates until they needed to be restrained as pa of a  game 
1,no such thing as the #lgbt community. the most  &amp; #islamophobia i've experienced has been from white gay men. 
1,@user #allahsoil the term jihad is a highly-contested concept.    â¦  #teambts #teamsuperjunior 
1,"@user #allahsoil like all religion, islam is a strong unifying force.   â¦  #teambtsâ¦ "
1,it's clear that we're having a crisis of #compassion in this country. so what do we do about it? read  
1,@user #allahsoil the term jihad is a highly-contested concept.    â¦  #teambts #teamsuperjuniorâ¦ 
1,over-excited man is attacked by cat while opening  present  that cat repping trump yo! 
1,share 6 steps you can take to stop a racist attack or intervene with a berating bully   via @user
1," victim of #islamophobia adam saleh refers to black people as ""abeed"" (slaves) in one of his sketches. "
1,@user @user this stupid idea that #trump is a fascist and  and will destroy the #usa has gone too far! #obama is a terrorist
1,#aleppo #orlando  #syria  #trump  #war #berlinattack   #inequality   #bagdad  #nice  #paris  there is nothing to celebrate. #getreal
1,"""racism in muslim societies"" by dr. eren tasar of @user  #teaching #islam #sblaar16 "
1,#newyearseve factophobia ale with people in 2017 whose use following words: #islamophobia  #feminism #culturalenrichment
1,wtf @user @user @user #propaganda  rant by @user inveed aussie flag w/muslim crescâ¦ 
1,islam against racism - press tv   
1,#allahsoil the term jihad is a highly-contested concept.    â¦  #teambts #teamsuperjuniorâ¦ 
1,@user #feminismiscancer #feminismisterrorism #feminismmuktbharat why  #malevote is ignored  @user
1,âanti-islamistâ rally organiser #neilerikson shown laughing at death footage  #auspol #rwnj #tinfoilhat 
1,@user #feminismiscancer #feminismisterrorism #feminismmuktbharat why  #malevote is ignored  @user
1,@user #allahsoil not all westerners are islamophobes.  â¦   #emiratis #2016in4wordsâ¦ 
1,@user #feminismiscancer #feminismisterrorism #feminismmuktbharat why  #malevote is ignored  @user
1,"@user #allahsoil like all religions, islam can be a strong unifying force.    #teambts #teamsuperjunior #â¦"
1,@user commercial showing inter-racial couple attacked by @user #amerikkka suppoers  
1,"@user #allahsoil most deaths caused by islamic extremism occur in civil wars, not terror attacks.   â¦  #racâ¦"
1,"@user jews, christians and muslims all believe that good will prevail.   #emiratisâ¦ "
1,a reson why so many muslims might be   
1,@user #feminismiscancer #feminismisterrorism #feminismmuktbharat why  #malevote is ignored  @user
1,"@user #allahsoil most deaths caused by islamic extremism occur in civil wars, not terror attacks.  "
1,@user #allahsoil the âcrusaderâ west vs. âislamic terrorismâ is a popular sequel to capitalism vs. communism.â¦ 
1,#us ambassador says #zionism is form of  #israelisettlements #illegalisraelisettlements #terrorism 
1,while #neonazi and #altright attack fellow #americans with  and #hate the real enemy laughs at our gates. #putin
1,"#allahsoil jews, christians and muslims all believe that good will prevail. cnn #bbc #msnbc #2017in3words  â¦ "
1,"@user the feeling's not mutual, you , #ableism, islamophobia, , #transphobia, #misogyny, #homophobia-enablin' #bigot. ð"
1,"@user #allahsoil jews, christians and muslims all believe that good will prevail. cnn #bbc #msnbc #2017in3words  â¦ "
1,#cctv appeal after horrific   attack in #norrisgreen.
1,racism in america: 'kill obama' and 'muslims not welcome here' signs in new mexico draw criticism -â¦â¦ 
1,@user obama has been the most destructive president in history &amp; that is his legend. #isis #iran  #copkiller #syria @user #more
1,"joy to the world, instead of #terrorism, #hate,  and #wars.  #waronchristmas #spreadlovethischristmas #love"
1, in america: 'kill obama' and #muslims not welcome here' signs in new mexico draw criticism #islamaphobia 
1,@user #allahsoil most victims in islamic extremist attacks continue to be muslim.    #emiratis #2016â¦
1,"#sunbury, #pennsylvania :  fliers posted outside mosque  #muslim #usa"
1,@user #auspo;l #hansen #pauline #muslims #senate  chat with maria  
1,@user @user @user @user  arabs' :    islamofascist #arabsâ¦ 
1,@user arise sir mo farah. this is my country you #islamophobic  #immigrant hating chumps. 
1,#presidenttrump hopefully you will stop funding the  #apaheid #terrorist illegal state of #israel and have them pay back $38billion
1,ku klux klan originally an arm of the southern democratic pay to terrorize freed slaves and republicans who sympathized with them 
1,i despise this  #antiamerican #muslimpos @user &amp; everything he stands for! trying to destroy the usaâ¦ 
1,"@user @user liz treacy, @user condone ex-councillor mark hackett's #islamophobia  for me @user"
1,@user empowerment of  by #trump is absolutely scary. this cud slip to dangerous levels. look 4 legislative attacks on #â¦
1,"#neogaf today another @user attack the japanese and chinese, claims to not be racist  "
1,@user #allahsoil islamic extremism kills tens of thousands of people every year.    #teambtsâ¦
1,@user just terming ppl as bhakt because they denounce terrorism and anti national acts shows ur sense to reason! never miâ¦ 
1,@user your analysis of  &amp; #blacklivesmatter was totally out of touch &amp; did not represent the spirit of #islam. #ris2016
1,@user @user nobdy wants 2 kiss #lying #conaist   #homophobic #islamaphobic #russianhack #nomandate #traitor
1,@user #feminismiscancer #feminismisterrorism #feminismmuktbharat why  #malevote is ignored  @user
1,"@user @user liz treacy, @user condone ex-councillor mark hackett's #islamophobia  for me @user"
1,"jews, christians and muslims all believe that good will prevail.   #emiratisâ¦ "
1,@user racist attack on three muslim women in #hull city centre...  for more info:   #muslimsâ¦ 
1,@user #feminismiscancer #feminismisterrorism #feminismmuktbharat why  #malevote is ignored  @user
1,@user #allahsoil islamophobia only serves to empower the extremists.  â¦   #emiratis #2016in4words #Ùâ¦
1,@user #us ambassador says #zionism is form of  #israelisettlements #illegalisraelisettlements #terrorism 
1,attack her chinguas~ &lt;33 
1,@user excellent analysis &gt;&gt; this  #backlash against #refugees is the real crisis in europe | apostolis fotiadis 
1,@user #feminismiscancer #feminismisterrorism #feminismmuktbharat why  #malevote is ignored  @user
1,@user #allahsoil many politicians claim that jihad is an attack against humanity      â¦  #teambtsâ¦ 
1,@user #allahsoil not all westerners are islamophobes.    #emiratis #2016in4words 
1,@user all of you need to stop being racist and just let the terrorists kill you. #sarcasm â¢ #ðºð¸  #trumptrainâ¦ 
1,"@user #allahsoil not all muslims are islamic extremists (very, very few are).    #emiratisâ¦ "
1,new video shows how  this guy  and how he staed to abuse and humiliated an muslim guyâ¦ 
1,@user #feminismiscancer #feminismisterrorism #feminismmuktbharat why  #malevote is ignored  @user
1,"@user #allahsoil thereâs no such thing as an average christian, or muslim, or jew.  â¦  â¦ "
1,@user #feminismiscancer #feminismisterrorism #feminismmuktbharat why  #malevote is ignored  @user
1,@user dwyane wade #nbavote    if you hate  #boycottdelta #islamophobia
1,@user #allahsoil we should not conflate islamic extremism with terrorism    #emiratis #2016in4â¦
1,@user #feminismiscancer #feminismisterrorism #feminismmuktbharat why  #malevote is ignored  @user
1,here is a video of the event that is worth watching just to see a beautiful white lady screaming scum scum scum f ing scum at the muslim filth
1,hi everyone i m from slovenia and i utterly hate every living muslim in this world and i despise even the dead ones
1,like it or not and i certainly do n t but ireland especially ni is littered with memorials to and even statues of red terrorists
1,it s not a coincidence that they attack in packs and side with the herd on every ethical question they re inferior and they know it ill suited to standing up alone or thinking through a complex scenario to settle upon an internally consistent position
1,i honestly hate indians muslims really anything with brown black or yellow coloured skin i hate
1,i could never picture the site of one of the women of the holy rus shacking up with some islamic mud from that fithy impoverished and godforsaken mountainous hole
1,yes muslims do breed like vermin i believe that s part of their intention to breed out other races in order to make themselves the majority
1,it makes my flesh crawl when i see white girls having to be felt up as they walk down the hallways by big lipped spear chuckers attack
1,i have been talking about it for years the filthy muslims putting their sight on africa in some ways they are worst then blacks
1,tralee is a disgrace the place looks like a town in africa nowthe day ireland becomes a muslim country is the day i stop breathing
1,youtube brussels on 9 11 for a free europe against islamization
1,glad it made news your way the truth must be told but have you noticed it says it is not a racist attack oh but we all know the story shall it of been some poor black bastard bashed to near death in dublin eh
1,the attacks are coming from wankers who live in england maybe even born here and have little or no english ancestry and call themselves british
1,this is really not european news but everybody should know that after years of lebanese and other arabs intimmidating white women on cronulla beach and after the cowardly attack on two white life savers the lebanese got theirs yesterday
1,if you want to see what having a black kenyan white hating muslime in the whitehouse has created go look at tarantino s latest flick django unchained
1,i live up the block from a muslim mask every friday they rule the streets they think that they can walk anywhere they want and if your are white they give you a look just klike when you pass through a black neighborhood they are the same as them nigs
1,situation in switzerland is terrible blacks and muslims are everywhere we were a great country with a great people but all these monkeys are transforming switzerland in a zoo where law is not respected
1,beautiful sweden poisoned by arab muslim trash
1,it s people like this that are the face that represents the filth of islam
1,to be honest i dont think this muslim killed him because he thought the swedish boy looked like a racist it was probably just an excuse
1,islam is not compatible with our way of life in this green and pleasant isle irish people are white and christian ffs
1,i heard from friends in boston this is true blacks will attack an irish america with a shamrock tattoo how long before this happens in ireland
1,police arrest moore street dublin city centre 1 youtube http www youtube com watch v ly 6o4chva8 wait till the blacks riot and and attack cops i give a few years and they will be full scale black riots in ireland
1,it is an extremely cruel act against the poor vodka bottle forcing it to spend it s time forever close to a jew
1,but what do you expect with a homosexual muslim as the mayor
1,they need to feel it on their skin so next time they wont give my land to the some subhuman muslim dogs
1,sounds like they might have some palestinians of either the muslim or judaic variety in the woodpile throwing stones like that
1,the islamic disease is even more dangerous than the more obvious black or yellow disease
1,if i was ukrainian i d sign a pact with devil himself to get rid of jewdo islam putinistan aka russian federation
1,it is hate if we disagree with this ethnic scum and no hate crime if they attack us
1,just shows the absurdity of obamamania an athletic white woman attacks one libtard to proclaim the holiness of another libtard who may be worse
1,migrants living in fear after racist bomb attack on poles northern ireland local national belfasttelegraph co uk they re threatening to leave we re doomed
1,got to laugh at how he is saying about how forward thinking and how much egyptians love democracy when they are about to hand power to a bunch of hard line islamic fundamentalists who are more backward and worse than the last mob you could n t make it up
1,there are london areas that could be described as nothing less than little islamic republics
1,the regime wants germans to hate themselves too bad that they are not already brown muslims
1,latest reported attack on students by the local negroes was on a couple out getting a pizza in the late evening hours 4 blacks jumped them on their walk home
1,if your house door was locked but at midnight your neighbor opened the door for some muslims to come inside and take your stuff rape your wife and beat you nearly to death would you still think your neighbor was a nice guy
1,oslo turning into a major criminal muslim mecca
1,islam is a false religion however unlike some other false religions it is crude and appeals to crude people such as arabs
1,to think that such a great christian nation as ireland has an islamic foundation is sickening
1,get one of these t shirts for next time you see him asatru versand kein islam in europa das christentum ist schlimm genug t shirt kein islam in europa das christentum ist schlimm genug t shir themd kein islam
1,you will know it is a nightmare on day you wake up and you have a black muslim running your country
1,now now lets not discriminate between muslims and jews i say get them all back to the middle east and turn the whole sand pit to radioactive glass
1,so now stormfront ireland is solely responsible for all racist attacks in ireland lol ted is right this is the work of the kikes those ers are never happy
1,traditionally there have always been a lot of them despite the fact that ne asians are the extreme version of our breeding strategy
1,israely zionist indeed prepeared the georgian attack
1,i got sloppy seconds after some muslims used this girl
0,#igersbnw   attack bull game 3d: do you really think that his head was empty around the city. each side is s 
1,"why only target little #muslim children for mispronouncing ""terraced house"" &amp; treat them like criminals!â¦ "
0,"@user only for one day  ,26/11 3 days #us made terrorists attacked india for three days,imagine what is india #position?."
0,"oh, on @user ... never mind!  #potus #muslim #sick   "
0,"this wasn't only an attack on the lgbt community, but america as well.  they may have been isolated/targets, but this affects everyone.  "
0,50 americans were murdered by a terrorist &amp; people on social media are more worried about calling out politicians/arguing.   #priorities
1,my family's horrible  attack at #thegreenpalmcottage in #plettenburgbay #westerncape thyini thiza! we want tâ¦ 
0, @user @user @user is this not the definition of letting terrorists win?  
0,my hea goes out to all affected by this act of terrorism. #yyc #orlandoshooting #orlandonightclubshooting   #terrorattack #love
0,sad world... #orlando #tuerie #terrorism #usa   
0,threats from terrorists are becoming real   
1,peace out fucku2016: 2017 wonât be better unless we loudly fight #corruption   #xenophobia #islamophobia #homophobia #resist
0,getting   because the #crowd stopped #laughing when i said i'm #muslim #livecomedyâ¦ 
1,@user #allahsoil we should not conflate islamic extremism with terrorism  â¦   #emiratis #2016in4wordâ¦
1,@user #allahsoil lehman brothers went belly-up in september 2008  â¦ #2016in4words  #islamâ¦ 
0,fuck u isis/homophobicbiggots/theeu/uefa &amp; russia   at u all today!ð¡
0,the #democrats own #islamism #socialism and #sodomandgommorrah so the blood is on their hands.  @user @user 
0,#fitnessaddict   attack bull chase: when you leave the lot despite the fact that you're a strong source 
0, @user jo cox mp dead after shooting attack    
0,controversy trifecta: isis inspired mass shooting perpetrated with a legally purchased assault weapon aimed at gay victims. #loveislove  
0,  clinton: i'm 'happy to use' the phrase 'radical islamism': presumptive democratic presidential nominee... 
0, @user #shocking #video of #couple #attacking #vehicle yesterday #news #hot #weather makes #people   #roadrage  
0,#fo   attack bull chase: when you leave the lot despite the fact that you're a strong source of food f 
0,very  !. what happened in #tel_aviv !. #israel will be #strong ð®ð±â¤ï¸ ð tired of terrorism !!ð 
0,"our @user thought killing ppl a ""good"" thing, @user then we got isil/isis. gee, thanks obama.   @user @user"
0,#photography   attack bull game 3d: do you really think that his head was empty around the city. each side i 
0,was just talking about this yesterday. the censorship we are seeing is unreal. our 1a &amp; 2a are under attack.  
0,sandy hook &amp; now #orlandonightclubshooting. we have to #change!  #thoughtsandprayers   #sundaymorning #prayfororlando isis #guncontrolnow
0,tdc media @user &amp; @user must be confused @user  of course it was a hate crime...a #radicalislamicterrorist attack against #usa  
0,"@user wow fox news, his parents are afghan origin , not him.. he was born here . way to sta spinning up xenophobia without a blink  "
0, @user everyone is talking about armin's death lol   #itshouldbesad #letsseetheoceaneren #butthisisfunny
1,#newyearseve factophobia ale with people in 2017 who use following words: #islamophobia  #racism
0,#pathetic &amp;  . #swedenâs state-run tv cancels #jihad documentary to avoid offending #muslimsâ¦  via @user
0,can't quite believe that an mp has been murdered on uk streets. not only a tragedy for her family but also an attack on democracy  
0,"yay, more domestic terrorism!   "
0,  day for #america. sad for lost #lives sad for families. sad that obama will have this happen over and over again #islam #orlando #tcot
0,#studio   attack bull game 3d: do you really think that his head was empty around the city. each side is sup 
1,"@user #allahsoil like all religions, islam is a strong unifying force.   â¦ â¦  #teambtsâ¦ "
1,"here's how to combat violent extremism in 2017. ""the white nationalist who came to dinner""  "
0,#sanantonio @user host @user is no stranger to muslim bashing and he is doing it again today.  
0,conservative america is under attack and @user unjust &amp; prejudicial display against @user is proof.   ðºð¸
0, @user just waiting for john mccain to announce he is suspending his campaign and headed to orlando to solve the domestic terrorist câ¦
1,#rohingya muslims toured by  officials ð¢    #myanmar's .@user and her rulâ¦ 
0,#payhard   attack bull game 3d: do you really think that his head was empty around the city. each side is 
0,"orlando shooter, omar mateen, called a doctor during the attack   "
0,extremely sad to hear about orlando shooting. so many lives affected because of one senseless act. #orlandohorror   #guncontrolplease rip
0,#teaaddict   attack bull game 3d: do you really think that his head was empty around the city. each side is 
1,"#allahsoil says about all religions, islam can be a strong unifying force. "
0,#insectstalking   attack bull game 3d: do you really think that his head was empty around the city. each sid 
1,he graduated from #usa &amp; his friends wanted him 2 forget his rector  against #islam 
0,russia fans went too far by attack people that suppo england ð¡ #suckstobeyou #russiafans #lowlife   #cowereds
1,@user #feminismiscancer #feminismisterrorism #feminismmuktbharat why  #malevote is ignored  @user
0,#fo attacked bull chase.
0,#facebook   attack bull chase: when you leave the lot despite the fact that you're a strong source of fo 
0," @user obama, guns are bad, hate is bad, but still not a word about #islamicterrorism you'll never defeat an enemy you refuse toâ¦"
1,"@user bullshit, he was thrown out for being a muslim   "
0,yes! i mentioned #terrorattacks &amp; the #netherlands in 1 sentence because our country = ruled by infants. &gt;not wondering where but when&lt;  
0,no words needed! @user #ns16 #conce #music #live #aarhus #thisisaarhus #livemusic #festival #rock   
1,@user #allahsoil muslims arenât the only ones being displaced by uncle sam   â¦ â¦ #2016in4wordsâ¦ 
1,next attack wont be in japan. guaranteed. #smaimmigration  #zeroattacks #istanbul #religionofpeace #reliability
0,this is where the repressive pc left went so badly wrong-they should be the ones most fighting for reform in the muslim world &amp; culture  
0,  #obama #attacks #trump on #islamâ¦ #trump #dismantles him with one # ... -  
1,"@user #allahsoil the odds of dying from extremist violence are roughly one in 400,000.    #emiratisâ¦"
0,katie hopkins: why wonât the left admit the #truth about islam?  @user #islam #political   #jealous #hate
0,"ramazan hs always bn a month of barkat/blessings n peace,with wahabism hijacking islam it's just bloodshed 24*7*365 #orlandoshooting  "
0,happy day ð #thisisme #summeime #instagram #likegram #instagirl   #smile #black&amp;white 
0," @user praying for all affected i. the #orlando #attack last nite. it matters not whether they were gay, what matters is that thâ¦"
0,who's responsible for such senseless act of extreme violence? the media? parents? governments? #stopthevoilnce   #ripchristinagrimmie
0,the #news gives me nightmares. bombs terror sadness everywhere. let's have some   thoughts - anyone? #positivethoughts
0,who still mad af right now? #neverforget #stopisalm #muslimcontrolnow    #lgbt
0,jo cox attack is a sign for all politicians to rethink tactics that incite furore just to #winatallcosts #brexit #bremain #ausvotes  
0,"@user @user @user  - un investigators: ""isis is committing genocide"" lib gov: ""nope""  "
0,#food @user #hipstergirl is   and #loves #food #thisiswhyiwonteverbeskinnyâ¦ 
1,@user #allahsoil the media distos the threat of islamic extremism.   â¦   #emiratisâ¦ 
0,"@user @user @user ""incite them""?  like we should be afraid to upset isis.  lol!  exactly why we're losing.  "
0,no a hate crime or a terror attack. even though he killed her dur to holding different beliefs. #jocox   
0,islam gave them a purpose in life but they left islam so now their purpose in life is to defame islam #useless  ð 
0,@user @user whole speech was attempt for appreciating what he's doing vs isis (not enough) and attacking @user   ðð¼ðð¼
1,@user #allahsoil there is no correlation between the religion of islam and violence.    â¦â¦ 
0, @user #disneygatorattack 'no swimming' signs at gator dwelling lake.  is like: 'stay off grass' signs at the edge of a python iâ¦
0,#sanantonio   attack bull chase: when you leave the lot despite the fact that you're a strong source of 
0,seems we have reached the point where the activities of @user constitute aiding and abetting #terrorism 
0,what prevents you from being a muslim ?   
1,@user #allahsoil greenspanâs policies are now largely blamed for the mogage crisis.   â¦ â¦â¦ 
0,#sanantonio   attack bull chase: when you leave the lot despite the fact that you're a strong source of 
1,"@user @user #potus is attempting to sabotage or country in his final days, #israel #obamacare #isis #energy #russia  "
0,#football   attack bull chase: when you leave the lot despite the fact that you're a strong source of fo 
0,orlando #lgbt nightclub attack: police say up to 20 dead in #terrorist incident    #scary
0,"@user words of terror, rod's conce is cancelled!!! love you thank you for playing rod for me #5days  "
0,#healthandfitness   attack bull game 3d: do you really think that his head was empty around the city. each s 
0,#facebook attacked bull chase: when you leave the lot despite the fact that you're a strong source.
0,"@user i said that to my family the other day, i thought he was probably kicked out of the club and this was payback,not terrorism.  "
1,@user #feminismiscancer #feminismisterrorism #feminismmuktbharat why  #malevote is ignored  @user
1,@user and in a not so stunning response plan to nominate #muslimbrotherhood member @user to lead their  pay.
0,#motorracing   attack bull game 3d: do you really think that his head was empty around the city. each side i 
0, @user 50%#islamic-info 25%#cricket 10%#all-type-spos 10% -poetry 3%#world-news 2%#adds  try kro agr maza na aya to stop  folloâ¦
0,#carving attack bull game 3d: do you really think that his head was empty around the city.
0,precious memories derive from precious moments #afrclothing #thisismyera #monday #grind #father   #summer... 
0,@user i think drug name was invented in punjab during  -bjp regime?its a prob like terrorism in jk and as locals help there here too
0,#lovethissong   attack bull chase: when you leave the lot despite the fact that you're a strong source o 
1,@user @user it is people like you whom they've come up with the terms for like  #terrorists and #assholes
0,#facebook  attacked bull chase..
0,rest in peace!! may this terrorism in the end soon! and we all get to live a peaceful life!   
0,father lying through his ass. #terrorism #homophobia #orlando #killings   #bad #evil #religitards #lie  
1,"@user if you say the #nazi's said that #hatred,  &amp; #bigotry can be found with extremists of all faiths,â¦ "
0,#summer2k14   attack bull game 3d: do you really think that his head was empty around the city. each side is 
1,"@user dear #democrats , djt not allowing #islamicradicals  2 use america's freedoms 2 destroy r freedoms is not  or #islamophoâ¦"
0,some public punishment may in order to straighten these (home grown) terrorist out.   #orlandoshooting
0,"#everybodytalks odd that others had drawn the same conclusion, not terrorism and not hate. envy. not being accepted for who you are.  "
0, @user its official- we're making a tv series! #theyard #teamrainforest #robhardy #thisislife  ... 
0,#fitnessaddict   attack bull chase: when you leave the lot despite the fact that you're a strong source 
1,@user #feminismiscancer #feminismisterrorism #feminismmuktbharat why  #malevote is ignored  @user
1,@user #feminismiscancer #feminismisterrorism #feminismmuktbharat why  #malevote is ignored  @user
1,@user #allahsoil not all muslims hate america.  â¦   #emiratis #2016in4words #ÙÙÙ_Ø§ÙØ¬ÙØ¹Ùâ¦ 
0,@user obama is utilizing a terrorist attack that killed 50 americans to push his own agenda.  
0,#gym   attack bull chase: when you leave the lot despite the fact that you're a strong source of food fo 
0,"being white muslim, i get accepted by most somalis due to the muslim pa, but lately,been rejected by a lot because of the white pa  "
0,the body of the 2yr old has been recovered fully.   #disneygatorattack
0,these photos of the refugee crisis just won a pulitzer prize  we live in a weird world...  
1,@user #allahsoil to say that all muslims hate america is to suggest theyâre all the same.    #emiratâ¦
0, @user 50%#islamic-info 20%#cricket 10%#all-type-spos 10% -poetry 5%#world-news 5%#adds  try kro agr maza na aya to stop fâ¦
0,@user they all knew! it's just easier to attack me by ignoring it!  
0,"#pulseshooting can we just, once and for all, agree that it makes no sense the lack of gun control policy in us? that's the real terror  "
0, @user easier for barrack hussein obama to blame guns than his own kind ( radical islamic extremists ) he's a traitor to america  â¦
0,#healthandfitness   attack bull game 3d: do you really think that his head was empty around the city. each s 
0,#igersbnw   attack bull game 3d: do you really think that his head was empty around the city.
1,crazed woman 'launched sick attack on muslim cab driver over Â£7 fare' | #islamaphobia   
0,@user   islamic terrorism killed him or her #americaðºð¸
0,#arianagrandedrawing attack bull game.
1,"@user @user you forgot #democrate, because vetting people from terrorist #countries is .dumb "
0,true.obama's had no answer to fight radical islam instead he still defends them while bashing trump.  
0,competing threads of hate in the orlando club shooting #antiislam #anitgay which hateful ideology wins   #orlandonightclubshooting
0,#marble #balloons just make me extremelly  !ðð #lazysaturday #home #tattoo #pineapple #beautiful 
0,from the creator we come to the creator we return our heas filled with sorrow for the victims of the mass  #floridashooting    #terror
0,#facebook   attacked bull chase: when you leave the lot despite the fact that you're a strong source of fo 
0,"we watch little tv. horrible that my daughter and i are watching  because of hate, terror and intolerance.    "
0,#pulsenightclub terror attack is officially the worst mass shooting in #us history.   is not even lose to how iâm feeling right now
0,my body is extremely sore. and i'm losing. ð #annoyed   #inpain
0,@user @user a muslim friend of mine told me if his young son ever came out as gay he would never speak to him again   #shocking
1,islam against racism  
0,@user why do you focus on anything but islamo-terror? you undermine your own credibility &amp; are being dishonest by doing so.  
1,"over 12mill arrests/60mill police-civilian encounters per yr in us.shootings,accidents,""abuse"" extremely rare-thousâ¦ "
0,#lighter   attack bull chase: when you leave the lot despite the fact that you're a strong source of foo 
0,#huntington   attack bull game 3d: do you really think that his head was empty around the city. 
1,"libtard- ""i can't believe she hate muslims and suppo trump. how can a black woman do that?"" me  ""because i'm not your damn slave!"" "
1,the latest the afl tattler!  thanks to @user @user @user  #afghanistan
1,@user my family's horrible  attack at #thegreenpalmcottage in #plettenburgbay #westerncape thyini thiza! we want tâ¦ 
0,@user haha! better that than taking dangerous guns away from terrorists!  
0,#arianagrandedrawing attack bull game 3d: do you really think that his head was empty around the city.
0,#selfietime   attack bull chase: when you leave the lot despite the fact that you're a strong source of 
0,#igersbnw   attack bull game 3d: do you really think that his head was empty around the city. each side is s 
0,"worlds age old, colourful cultures ...r being replaced by d "" drab, culture less colourless newage islam"". ..  "
0,"@user @user and so called ""moderate muslims"" just watch and say nothing.  "
0, @user #pulsenightclub terror attack is officially the worst mass shooting in #us history.   is not even lose to how iâm fâ¦
0,"@user #us has enough to worry about! #including easing funding #terrorists by iran.  , that #insesntivity isn't surprising!"
1,@user #feminismiscancer #feminismisterrorism #feminismmuktbharat why  #malevote is ignored  @user
1,@user ... how would you promote ... hitting on women ... condoning assault ...  &amp; #terrorism ... #wars andâ¦ 
0,no wonder other countries think #america is full of idiots. in a time of crisis we point the finger at one another in our own state  
1,@user #allahsoil islamophobia only serves to empower the extremists.    #emiratis #2016in4words
0,sad how muslims eat during the ramadaan..   #noshame
0,#funnyvideos   attack bull game 3d: do you really think that his head was empty around the city. each side i 
0,"obama, guns are bad, hate is bad, but still not a word about #islamicterrorism you'll never defeat an enemy you refuse to identify  "
1,@user #feminismiscancer #feminismisterrorism #feminismmuktbharat why  #malevote is ignored  @user
0,"so... now that it can't be denied it has islamist ties, we must lump christianity in there too...?     "
1,@user #allahsoil the knee-jerk reaction is to assume that âit must have been isis.â  â¦ 
1,@user #feminismiscancer #feminismisterrorism #feminismmuktbharat why  #malevote is ignored  @user
0, @user @user @user @user straight white men are viciously under attack. they are often the real victims.  
0,movie ð¥ review.... x-men apocalypse now  #uspresidential#isis men precipitating carnage  #trump and putin needed
0,#pleaselike   attack bull chase: when you leave the lot despite the fact that you're a strong source of 
0, @user at chick fil a i heard a boy say - let's pretend there is a terrorist attack! #signofthetimes   ðª
0,when you go to watch me before you and think that your gushing nose bleed is just more tears #ilooklikeiwasattacked  
0,katie hopkins: why wonât the left admit the #truth about islam?  @user #islam #political   #jealous #hate
0," @user study history, @user a #gop president spawned #isis. fearing you'll be booted, you're desperate; you play thâ¦"
1,@user farmer beaten during a land invasion crisis â loteni area  via @user #southafrica #crime #faâ¦
0,#hajjia   jumat to all #muslim #friday thingy. #blackgirl always  and #smile.... iâ¦ 
0,a friend just told me she's afraid to go to dc rally &amp; be attacked by #berniebros or the @user racists cuz she's not white.  
0,so sad. praying for all the victims and their families in orlando. senseless acts of terror. #orlandoshooting #orlandonightclub  
0,"  father's day# i am extremely blessed to have the beautiful, wonderful, loving father! u are my hero! love you papa."
0,#films   attack bull chase: when you leave the lot despite the fact that you're a strong source of food 
0,disney gator attack: 2-year-old boy found dead   
0,"the fate of @user very similar to the death of john lennon, apparently. an obsessed fan attacks an innocent performer.  "
1,@user @user commercial showing inter-racial couple attacked by @user #amerikkka suppoers 
0,"@user presently there many who asking  c to attack the #ldf again, how "
0, @user tragedy and terrorism strikes #pulse   #neverislam @user @user
1,@user prison officers goaded #muslim inmates until they needed to be restrained as pa of a  game 
0," @user pretty sure if orlando shooter was christian, the left would be blaming religion, but since it was a muslim, religion is nâ¦"
0,  trump is coming for your guns !!  the liberal nominee will sta with the muslims &amp; end with the rednecks  
1,no such thing as the #lgbt community. the most  &amp; #islamophobia i've experienced has been from white gay men. 
1,@user #allahsoil the term jihad is a highly-contested concept.    â¦  #teambts #teamsuperjunior 
0,gay right-wingers are not acceptable!   toe the prog line. islam loves gays. christianity is the enemy.   2+2=5 
1,"@user #allahsoil like all religion, islam is a strong unifying force.   â¦  #teambtsâ¦ "
1,it's clear that we're having a crisis of #compassion in this country. so what do we do about it? read  
0, @user todayâs shootings are an attack against us all. but i especially hu for my lgbt friends. #prayfororlando #speechless #whyâ¦
0,#yellowlabs   attack bull chase: when you leave the lot despite the fact that you're a strong source of 
0,#fitnessaddict   attack bull chase: when you leave the lot despite the fact that you're a strong source 
0,@user @user @user @user @user notice no one in this pic is blaming isis   
0,declare the nra a terrorist organization  @user   #nowords
0,#eastside   attack bull game 3d: do you really think that his head was empty around the city. each side is s 
1,@user #allahsoil the term jihad is a highly-contested concept.    â¦  #teambts #teamsuperjuniorâ¦ 
1,over-excited man is attacked by cat while opening  present  that cat repping trump yo! 
1,share 6 steps you can take to stop a racist attack or intervene with a berating bully   via @user
1," victim of #islamophobia adam saleh refers to black people as ""abeed"" (slaves) in one of his sketches. "
0,there has been so many acts of #terrorism on our homeland under #obama more than any other president. too many dead americans   #orlando
0,befriending sadness to win happiness!   #happy #islam #love #friend #ramadan  #depression #soulfeed #positive 
0,"@user what a shocker, the wannabe jihadist was also a closet angry gay man bc of his religion   #mentalillness #weareorlando"
0,@user @user @user is it attacking when u say something that's contradictory &amp; people are trying to get a straight answer?  
1,@user @user this stupid idea that #trump is a fascist and  and will destroy the #usa has gone too far! #obama is a terrorist
0,disney gator attack: 2-year-old boy found dead @user  #heabreaking   #blogger #momlife
0,"potus lets isis run amok in other countries, possibly infiltrating ours and then blames conservatives and law abiding gun owners.  "
0,#bing attack bull chase: when you leave the lot despite the fact that you're a strong source of food.
0,bonjour it's with a   hea i accept  the #largest #mass #shooting in us history  was an #attack on #gay peopleâ¥ 
1,#Homs #orlando  #syria  #trump  #war #berlinattack   #inequality   #bagdad  #nice  #paris  there is nothing to celebrate. #getreal
1,"""terrorism in muslim societies"" by dr. eren tasar of @user  #teaching #islam #sblaar22 "
1,#newyearseve factophobia ale with people in 2017 whose use following words: #islamophobia  #feminism #culturalenrichment
0,#giving   attack bull chase: when you leave the lot despite the fact that you're a strong source of food 
0,very   this is what #usa has become. time for some #americanextremism #americafirst 
0,@user liberals are doing a better job of attacking the 2nd admen than conservatives are at defending it.  
1,wtf @user @user @user #propaganda  rant by @user inveed aussie flag w/muslim crescâ¦ 
1,islam against racism - press tv   
0,tired of the battleground social media has become.   #opinionisjustthat #discussions don't have to be #attacks be kind
0, @user bonjour it's with a   hea i accept  the #largest #mass #shooting in us history  was an #attack on #gay peopleâ¥ 
0,#igersbnw   attack bull game 3d: do you really think that his head was empty around the city. each side is s 
0,muslim harassment social experiment!!!   
0,"there is big amount of generalization happening on fb due to this attack.  people don't want tolerance,  people want tonbe right!    "
0,this is a movement. a movement under attack! #nodifferentthanchina 
0,we don't need to blame all atrocities on #isis or #islamicterorrist - there are nuts everywhere who commit #terrorism.   #lgbtresilience
0,the reactions are the surest sign that the terrorists have won and that americans are ready to fight each other first.   
0,#fitnessaddict   attack bull chase: when you leave the lot despite the fact that you're a strong source 
0,extremely   #dog doesn't need a #human to #play fetch  #cute #clever #animals 
1,#allahsoil says about jihad is a highly-contested concept.    â¦  #teambts #teamsuperjuniorâ¦ 
1,@user #feminismiscancer #feminismisterrorism #feminismmuktbharat why  #malevote is ignored  @user
0, @user #disneygatorattack if you got gators in your theme park why are they not completely secured away form the customer   ð¢ð©ð«â¦
0,"fight homophobia, fight terrorism. ðºð¸ð«ð· #prayfororlando ðð¼â¤ï¸ð¢ #lgtb #orlando   #fuckterrorism #peace #stopthemadness @user #noh8"
0,#bihday #george #thisisgeorge #the #foueenth of #june #boy. #when i #count god's #goodness.
0,50%#islamic-info 20%#cricket 10%#all-type-spos 10% -poetry 5%#world-news 5%#adds  try kro agr maza na aya to stop follow @user
0,#ruleoflaw for #kamalnath is no diff frm rule of law in case of safrron terror sadhvi.    
0,"#sorry #potus this #bigotry is fully #american    #obama blasts #trump for #antimuslim #language,as #unamerican"
0,"to reductive nut jobs like @user - omar mateen did not fire at gay clubbers, islam did. how oppounist can this islamophobe get.  "
1,âanti-islamistâ rally organiser #neilerikson shown laughing at death footage  #auspol #rwnj #tinfoilhat 
1,@user #feminismiscancer #feminismisterrorism #feminismmuktbharat why  #malevote is ignored  @user
0,@user @user thank you!  another first for a still relatively new president! #thewi_am2016  #wisisters  !
0,"europe and us think about us, not much different from how we think about afghans.   "
0,google &amp; facebook coordinating to silence inconvenient gays in wake of anti-lgbt terror attack. @user  
0, @user conservative america is under attack and @user unjust &amp; prejudicial display against @user is proof.   ðºð¸
0,i am a christian and i know there are very conservative christians and catholics that are being so hypocritical to muslims right now  
0,"#afghanistan is always invaded by #foreigner #fighters, they always feel   under #command of other #nations, #russia #usa #india#shame"
0,'happiest place on eah' is so incredibly   right now #disneygatorattack #orlando 
1,@user #allahsoil not all westerners are islamophobes.  â¦   #emiratis #2016in4wordsâ¦ 
0,an extremely sorry state of affars!   #tragic 
1,@user #feminismiscancer #feminismisterrorism #feminismmuktbharat why  #malevote is ignored  @user
0,"now we can't even go to public centers, without being worried about a terrorist attack..  "
0,"all american family who went to disney world, texted each other, called each other ""babe"".   #notallmuslims "
0,islamist murdering lgbtq americans? how will this be spun? #orlando #lgbtq   #intolerance  
0,"if you're a lot of #work and  , add #lipstick and #attacks ðð [pic] â "
0,have been seeing some really brutal attack pictures since morning.   #manipur 
0,child attacked by alligator at walt disney world     #waltdisneyworld   
0,when humans unite in love &amp; respect #terrorism #tyranny is defeated..but we're too busy loving objects and using each other  
0, @user what this usa born koran muslim showed all america after #orlando shooting is assimilation is fruitless with koran. obama kâ¦
0,#childcare   attack bull game 3d: do you really think that his head was empty around the city. each side is 
0,hating the conservative homophobes using this tragedy as a way of spouting anti-islam trash. not in my name you bastards!!   #orlando
1,"@user #allahsoil like all religions, islam can be a strong unifying force.    #teambts #teamsuperjunior #â¦"
0,it's friday!! #tgif #skate #skateboarding #friday   #fun #sun #summer #hot #extremeâ¦ 
0,these terrorists think they can take away our freedoms? think again you sobs.  my condolences to the victim families.   #floridashooting
1,@user commercial showing inter-racial couple attacked by @user #amerikkka suppoers  
0,"i am heabroken for us all today. when we forget how we are all connected, it becomes easy to attack. that needs to stop! #orlando  "
0,jo cox mp dead after shooting attack   sad news rip jo cox one of life's good ones ð¢ 
0,"@user funeral brought islam in america forward 100 steps forward, alas the orlando shooter decided to take it back 200 steps.  "
0,  ramadan to all muslims all over the world. #onelove
0, @user islam gave them a purpose in life but they left islam so now their purpose in life is to defame islam #useless  ð 
0,"@user  â¢turned into   gay-bashing, racist; very bitter about harm done by us to #afghanistan(complex, but it's the old country)"
1,"@user #allahsoil most deaths caused by islamic extremism occur in civil wars, not terror attacks.   â¦  #racâ¦"
0,@user all the criticism comes from fox news they just helping out the terrorists and isis..all because they hate the potus..  
1,"@user jews, christians and muslims all believe that good will prevail.   #emiratisâ¦ "
0," @user #macedonia @user celebrates its 26th as it sinks the state deeper into crisis. no moral obligation, no sense of dutâ¦"
1,a reson why so many muslims might be   
0,at chick fil a i heard a boy say - let's pretend there is a terrorist attack! #signofthetimes   ðª
0,sad to hear about 2yr old at disney    #disneygatorattack
0,#pjk: 42k suicides + an = number of overdoses #hr2646   #irrelevant #bill #thathelpsnoone #end #dentalcrisis 
0, @user isis wh 
1,@user #feminismiscancer #feminismisterrorism #feminismmuktbharat why  #malevote is ignored  @user
0,"going to be on tv, on the 24th of this month!!! i am extremely excited and   it is going toâ¦ "
0, @user the whole world knows potus is anti-american.   #jihadinamerica 
0,powerful. especially in light of recent terror attacks. 
0,@user so what ur now saying is that public are only interested in the murderer's when they're muslim. yes my point exactly!  
0," @user #praying for all affected in the #orlando #attack. it matters not whether they were gay, what matters is that they were hâ¦"
0,@user so which of his ideas do you like? muslim ban? the wall? harassing journalists? biher comments? mexicans as rapists?  
0,#london   attack bull chase: when you leave the lot despite the fact that you're a strong source of food 
1,"@user #allahsoil most deaths caused by islamic extremism occur in civil wars, not terror attacks.  "
0,florida governor: obama 'has not called' after orlando terror attack.  @user @user @user  
0,"one thing it seems #evangelicals  and #muslim's can agree on, #gaypride. #funny   #endthemadness"
0,"a week of unspeakable horrors, orlando slaughter, alligator attack, murdered mp. #crazyworld  "
1,@user #allahsoil the âcrusaderâ west vs. âislamic terrorismâ is a popular sequel to capitalism vs. communism.â¦ 
1,#us ambassador says #zionism is form of  #israelisettlements #illegalisraelisettlements #terrorism 
0,#alexandria   attack bull chase: when you leave the lot despite the fact that you're a strong source of 
1,while #neonazi and #altright attack fellow #americans with  and #hate the real enemy laughs at our gates. #putin
0,heâs #extremely     - 9 signs that he's #cheating and #lying 
1,#muslims all believe that good will prevail. 
0," , so many changed profile pics with #brusselsattacks &amp; now many americans are dead and i don't see #americanflags on profiles"
0, @user republican leaders block gay-rights bill after orlando attack #sick   
0,#studio   attack bull game 3d: do you really think that his head was empty around the city. each side is sup 
0,#socialstudies   attack bull chase: when you leave the lot despite the fact that you're a strong source 
0,first day at riehle select popcorn went extremely well #greatjob  
0,#fo   attack bull chase: when you leave the lot despite the fact that you're a strong source of food f 
1,"@user the feeling's not mutual, you , #ableism, islamophobia, , #transphobia, #misogyny, #homophobia-enablin' #bigot. ð"
1,"@user #allahsoil jews, christians and muslims all believe that good will prevail. cnn #bbc #msnbc #2017in3words  â¦ "
1,#cctv  appeal after horrific   attack in #norrisgreen  is humiliating
0,#igersbnw   attack bull game 3d: do you really think that his head was empty around the city. each side is s 
0,easier for barrack hussein obama to blame guns than his own kind ( radical islamic extremists ) he's a traitor to america    #maga
0,50%#islamic-info 25%#cricket 10%#all-type-spos 10% -poetry 3%#world-news 2%#adds  chk kro agr maza na aya to stop  follow @user
0,"what kind of name is ""bezos"" anyway?   people tell me it's a muslim name.   "
0,"what happened in orlando was horrific, omar mateen.. (i have no words) but was no way terrorism. what happened today was #ripjocox  "
0,"study history, @user a #gop president spawned #isis. fearing you'll be booted, you're desperate; you play the ""#trump"" card.  "
0,@user whoa... that's tough...  make america gr8 again!!   #wrongsideofhistory #islamicpeoplefreeyourselves
1,racism in america: 'kill obama' and 'muslims not welcome here' signs in new mexico draw criticism -â¦â¦ 
0,@user the angst this must be causing: 'i want to yap about evil muslims but they were evil gay people so i'm just so confused'  
1,@user obama has been the most destructive president in history &amp; that is his legend. #isis #iran  #copkiller #syria @user #more
0,#runningclub   attack bull game 3d: do you really think that his head was empty around the city. each side i 
0,"so far only response i see from #pakarmy to #afghanistan is #ispr tweet. proud army and airforce response ""ab kee mar ker dekh""  "
1,"joy to the world, instead of #terrorism, #hate,  and #wars.  #waronchristmas #spreadlovethischristmas #love"
0, @user so much stuff happening in florida! first #orlando shooting and now #disneygatorattack on a two year old kidð¥ð  
0,#fitnessaddict   attack bull chase: when you leave the lot despite the fact that you're a strong source 
0,#coffeelover   attack bull game 3d: do you really think that his head was empty around the city. each side i 
0,another mass shooting that could possibly have links to #isis and #terrorism in #orlando. prayers to those who lost family and friends.  
0,"@user  may allah guide them, they do this all on the name of islam.    @user"
0,imagine how r founding fathers wldve handled muslim terrorism. contrast that w/the limp-dicked pc bullshit of the @user admin  
1, in america: 'kill obama' and #muslims not welcome here' signs in new mexico draw criticism #islamaphobia 
0,#fitnessaddict   attack bull chase: when you leave the lot despite the fact that you're a strong source 
1,@user #allahsoil most victims in islamic extremist attacks continue to be muslim.    #emiratis #2016â¦
0, .   #ashamed. florida pulse gay club attacked in orlando - at least 20 dead - bbc news 
0,i hate how i used to be hungry to travel the world.. but now id rather stay home to avoid getting raped. #migrants #islam #crisis   #sick
0,first conce for an extremely excited 9 year old @user #comce#gloucester#jessglynne#daughter #tooesrly#love
0,excited to meet friends ~ ^Â°^// #yes #thisis  me  #friends #train #selfie #selcaâ¦ 
0,#waterbury   attack bull chase: when you leave the lot despite the fact that you're a strong source of f 
1,"#sunbury, #pennsylvania :  fliers posted outside mosque  #muslim #usa"
0,#arianagrandedrawing   attack bull game 3d: do you really think that his head was empty.
0,#studio   attack bull game 3d: do you really think that his head was empty around the city. each side is sup 
1,@user #auspo;l #hansen #pauline #muslims #senate  chat with maria  
0,#healthandfitness   attack bull game 3d: do you really think that his head was empty around the city. each s 
0, @user child attacked by alligator at walt disney world     #waltdisneyworld   
0,"nearly every #islamic #cleric, seems to #yell. it's like they are all very   people. especially when they are #challenged."
0,@user so sad!! ppl can be nuts! none of us know when someone like that might attack but we can't let them win and live in fear.  
0,agreed.  no swimming does not mean #dangerlurksbelow #disneygatorattack   
1,@user @user @user @user  arabs' :    islamofascist #arabsâ¦ 
0,#healthandfitness   attack bull game 3d: do you really think that his head was empty around the city. each s 
0,"#macedonia @user celebrates its 26th as it sinks the state deeper into crisis. no moral obligation, no sense of duty... poor mk.  "
0,hey guys just letting you know im am not gay so fuck all you hoes   #nipplesarehard #porn #neckmyself #isis
0,"if @user not being told to stand down by obama admin islamophiles, maybe they just don't have good judgment..... "
0,tomorrow will change my life #islam #fun     #muslim
0,#pines   attack bull game 3d: do you really think that his head was empty around the city. each side is supp 
0, @user my ð&amp;ð go out 2the victims &amp;families of this horrible attack in orlando. if ur a @user voter think twiceâï¸ #saâ¦
0,my ð&amp;ð go out 2the victims &amp;families of this horrible attack in orlando. if ur a @user voter think twiceâï¸   ðªvotetrump2saveðºð¸
0,#mileycyrusedit   attack bull chase: when you leave the lot despite the fact that you're a strong source 
1,@user arise sir mo farah. this is my country you #islamophobic  #immigrant hating chumps. 
0,@user @user you can't hate radical islamic terrorists now? america in 2016.  .
1,#presidenttrump hopefully you will stop funding the  #apaheid #terrorist illegal state of #israel and have them pay back $38billion
1,ku klux klan originally an arm of the southern democratic pay to terrorize freed slaves and republicans who sympathized with them 
0,#bluesky   attack bull game 3d: do you really think that his head was empty around the city. each side is su 
0,#photography   attack bull game 3d: do you really think that his head was empty around the city. each side i 
0,of course #isis is going to say it was one of them. it strengthens their cause. #orlando is just one of many that this will happen.  
0,#fo   attack bull chase: when you leave the lot despite the fact that you're a strong source of food f 
0,  ramdan to all muslims
0,#travelpics   attack bull chase: when you leave the lot despite the fact that you're a strong source of 
0,#mexican flags at @user protests are the norm. not even #terrorism has them waving american flags.   
0,i love the night of ramadan ...there is deferent felling in my hea of happyness  thisis the spirit of ramadan  ramadan
0,how they klan isn't labeled as terrorist organization still is mind blowing. guess since its a so called christian group its alright  
0,#healthandfitness   attack bull game 3d: do you really think that his head was empty around the city. each s 
0,"fuck russia they are scum kicking a man in the head while he's had a hea attack, you are all animals i'm pretty speechless   #euro2016"
0,all my holiday clothes are from @user #thisisnewlook #newlook #fashion #love #holidaywithmum #1weektogo   âï¸ðâï¸
0,#nature   attack bull chase: when you leave the lot despite the fact that you're a strong source of food 
0,fuck terrorism. fuck easily accessible assault rifles. fuck shooting people during pride.   #orlando #fuckallofthis
0,"in a feeble and desperate attempt to turn public mood against syria, in comes the next #muslim #falseflag op.   #cnn #bbc  "
0,@user the gop electorate had many oppounities to declare @user  unfit before judge comments #biher #muslim #immigrants  
0, @user what if obama showed the same anger and disgust towards islamic terrorist as he does trump... 
0,#guess   attack bull chase: when you leave the lot despite the fact that you're a strong source of food 
0,#studio   attack bull game 3d: do you really think that his head was empty around the city. each side is sup 
0,@user so do we ð #terrible #attack   #hu #prayers ð
0,"@user painful truth-another gunman w hate ideology (racism, trumpism, islam, christian) has easy access to assault weapons  "
0,  #day in #afghanistan may we have peace in the region ameen   
0,#stamford   attack bull chase: when you leave the lot despite the fact that you're a strong source of fo 
0, @user @user @user @user @user @user it is   2 think even 1 died (black muslim etc) 4 #trumpâ¦
0,@user i blame hudson.. best way to defend is attack..a vardy &amp; drinkwater intro would have got russia on counter #euro2016  
1,i despise this  #antiamerican #muslimpos @user &amp; everything he stands for! trying to destroy the usaâ¦ 
0,i need to watch attack on titan: junior high to feel better and calm myself ð¢ð¢ð¢   
0,"praying for all affected i. the #orlando #attack last nite. it matters not whether they were gay, what matters is that they were human.  "
1,"@user @user liz treacy, @user condone ex-councillor mark hackett's #islamophobia  for me @user"
1,@user empowerment of  by #trump is absolutely scary. this cud slip to dangerous levels. look 4 legislative attacks on #â¦
0,how quickly we blame an inanimate object and remove responsibility from an evil individual tied to a terrorist group.   #orlando #paris
0,#bihday #george #thisisgeorge #the #foueenth of #june #boy. #when i #count god's.
0,#igersbnw   attack bull game 3d: do you really think that his head was empty around the city. each side is s 
1,"#Muslim today another @user attack the japanese and chinese, claims to not be racist  "
0,"horrible attack on good, loving people in orlando.  my thoughts are with the victims and their families and friends.  #orlandoshooting  "
0,#fitnessaddict   attack bull chase: when you leave the lot despite the fact that you're a strong source 
0,49 people were killed and 53 injured in the #attack on a #gay nightclub in #orlando so   #news rip #love #gay j 
0,#instacollage   attack bull chase: when you leave the lot despite the fact that you're a strong source o 
1,@user #allahsoil islamic extremism kills tens of thousands of people every year.    #teambtsâ¦
0,my ð&amp;ð go out 2the victims &amp;families of this horrible attack in orlando. if ur a @user voter think twiceâï¸  ðª #votetrump2saveðºð¸
0,after the storm comes a calm... # rainbow #keywest #islamorada #livinglife #living  â¦ 
0,"isis burns alive 19 girls, feminist in the west complain about mythical patriarchy and wage gap.   #factsoverfeelings #altright"
0,#cloudsporn   attack bull game 3d: do you really think that his head was empty around the city. each side is 
0,#healthandfitness   attack bull game 3d: do you really think that his head was empty around the city. each s 
0,#connecticut   attack bull game 3d: do you really think that his head was empty around the city. each side i 
0,an old acquaintance found murdered back home. the attack in orlando. the mass murder in roswell. not even mentioning anywhere else.  
0," @user undoubtedly the islamist post had the trolling muslims mark it as offensive, and ratty #facebook #succumbed #ð   htâ¦"
1,@user just terming ppl as bhakt because they denounce terrorism and anti national acts shows ur sense to reason! never miâ¦ 
0,attacks 11 week old baby. kills mother. #shocking   #disgusted 
0," @user ramazan hs always bn a month of barkat/blessings n peace,with wahabism hijacking islam it's just bloodshed 24*7*365 #orlaâ¦"
0,"yall animals are cool, but the lack of sympathy for a baby child who was attacked by a gator while walking along a disney reso beach  "
0, â #sean hannity to be fired for comments about muslims   #blog #silver #gold #forex
0,"@user father of terrorist said it may have been triggered by seeing ""two man kissing in miami"". what. is. this. world.    "
1,@user your analysis of  &amp; #blacklivesmatter was totally out of touch &amp; did not represent the spirit of #islam. #ris2016
0,wats really wrong wid humans? 50 dogs burnt alive coz they attacked cattle. r v even humans? #dogsburntalive #indiatoday @user  
0,"islamic terrorist kills gays in orlando,  . i'm waiting to hear how it is everyone else's fault @user #afraidtospeakout  #sunnydays"
0," i mean, can we do anything anymore? #news #fuckedup #terrorattack #again #orlandoshooting #bbc   #tragedy"
1,@user @user nobdy wants 2 kiss #lying #conaist   #homophobic #islamaphobic #russianhack #nomandate #traitor
0,#musicmonday   attack bull chase: when you leave the lot despite the fact that you're a strong source of 
0,"u hear it here folks - #islamicjihad, #radicalislam, #touous  barbarians, horrible people!!!  you know that's right mr. bho!!! #tcot   "
1,@user #feminismiscancer #feminismisterrorism #feminismmuktbharat why  #malevote is ignored  @user
0,orlando nightclub shooting: police say up to 20 dead in terrorist incident #myhea   
0,".@user how would that have stopped this attack? #omarmateen was an american, acting alone. your ban would've been pointless!  "
1,"@user @user liz treacy, @user condone ex-councillor mark hackett's #islamophobia  for me @user"
0,you can pretend you're not fighting for the non-living while attacking people's constitutional rights.  
0," @user @user @user #obama #speech today was #crazy &amp;  , only #concern was #muslims"
0,@user in addition you add an ad hominem attack with no basis in fact.   @user
1,"jews, christians and muslims all believe that good will prevail.   #emiratisâ¦ "
1,@user racist attack on three muslim women in #hull city centre...  for more info:   #muslimsâ¦ 
0, @user 2/3 of small businesses closed over 8 yrs. #nyc is negatively transforming extremely fast.  
1,@user #feminismiscancer #feminismisterrorism #feminismmuktbharat why  #malevote is ignored  @user
1,@user #allahsoil islamophobia only serves to empower the extremists.  â¦   #emiratis #2016in4words #Ùâ¦
0,do i have that much of an impact on your life that you go to the extreme of blocking me ! how about don't add me in the first place  
0, @user ya think it's bcause the women there r muslim? don't c any uncovered heads. london is in big trouble 4 sure!   
0,@user   @user should have come out strong against jihad today !   #weak     #muslim appeaser
0, @user this is happiness â¤ï¸ #albatorrens #basketball #welcomeinrio #espaÃ±a #thisiswhyweplay ðð  #happiness ðâºï¸ð 
0,why eating before #iftaar can be #crime in #muslim community... u can not force ..he is an old man...   #worng 
0,nra continues to do so much damage out of greed for power &amp; money. nra are the true terrorists. all homegrown.    
0,he was investigated for terrorist ties twice before. he was known to fbi and police as a terror suspect.   
1,@user #us ambassador says #zionism is form of  #israelisettlements #illegalisraelisettlements #terrorism 
0,#arianagrandedrawing attack bull game 3d.
0,extremely   to announce that the #nominations to #watctop50in rising star awards open on 1st aug! #pipeline 
1,attack her chinguas~ &lt;33 
1,@user excellent analysis &gt;&gt; this  #backlash against #refugees is the real crisis in europe | apostolis fotiadis 
1,@user #feminismiscancer #feminismisterrorism #feminismmuktbharat why  #malevote is ignored  @user
0,#studio   attack bull game 3d: do you really think that his head was empty around the city. each side is sup 
0,just waiting for john mccain to announce he is suspending his campaign and headed to orlando to solve the domestic terrorist crisis.  
0,@user today a&amp;e visit#badweather#badhayfever= bad attacks#nebuliser #steriods    been well for 3 months  gutted
0,#cloudlovers   attack bull game 3d: do you really think that his head was empty around the city. each side i 
0,i'm disgusted that you idiots and the media go straight to islam in regards to the shootings.this was more than that.. #media #orlando  
0,#greens   attack bull game 3d: do you really think that his head was empty around the city. each side is sup 
1,@user #allahsoil many politicians claim that jihad is an attack against humanity      â¦  #teambtsâ¦ 
1,@user #allahsoil not all westerners are islamophobes.    #emiratis #2016in4words 
0,"trump: if elected, i'll ban immigration from areas with terrorism ties....  i guess only people from antaica will be permitted.  "
0,isis bombing: several killed by suicide car bomb in holy iraqi city of karbala.   
0,my baby terrorizing the community and the neighborhood. ð¶ð¤â¤ï¸ #dogs #cold   #valentinedayâ¦ 
1,@user all of you need to stop being racist and just let the terrorists kill you. #sarcasm â¢ #ðºð¸  #trumptrainâ¦ 
0, @user confirmed. islamism worse than aids. 
0,how many people died via radical islamic terrorists under obama's watch?  he is redirecting the blame to trump   
0, @user heâs #extremely     - 9 signs that he's #cheating and #lying 
0, @user #totellthetruth: some #muslim dude shoots 100+ #lgbt people and leader #obama scolds @user instead of #orlandoâ¦
0,#photography   attack bull game 3d: do you really think that his head was empty around the city. each side i 
0,"i've heard in presidential debates about isis, vladimir putin, and the lgbt rights, but none will address the injustices towards blacks  "
1,"@user #allahsoil not all muslims are islamic extremists (very, very few are).    #emiratisâ¦ "
1,new video shows how  this guy  and how he staed to abuse and humiliated an muslim guyâ¦ 
0,#arianagrandedrawing attacked the bull game.
0,#healthandfitness   attack bull game 3d: do you really think that his head was empty around the city. each s 
0,"  hillary clinton shifts and says she is ""happy"" to use the term ""radical islam"": washington (cbs news) ... "
0,#imwithher? hillary clinton took money from islamic countries and remains silent on treatment of muslim women!   
1,@user #feminismiscancer #feminismisterrorism #feminismmuktbharat why  #malevote is ignored  @user
1,"@user #allahsoil thereâs no such thing as an average christian, or muslim, or jew.  â¦  â¦ "
0, @user america is feasting on sensationalizing this tragedy it suppos it's greatest agenda islamic hate and lgbt suppo  
0, @user @user @user  skeptical of isis. could well be u.s brainchild created to maintain strife for oil theft. tragedâ¦
0,#facebook attack bull chase.
1,@user #feminismiscancer #feminismisterrorism #feminismmuktbharat why  #malevote is ignored  @user
0, @user ramadan mubarak to all muslims all over the world...may this blessed month be full of love...ðð»ðð»ðð»   #faith 
0,#fo   attack bull chase: when you leave the lot despite the fact that you're a strong source of food f 
0,@user isis &amp; islam jumps for joy and muslim b. hussein pretends there is no one but christian and redneck nba people to blame.  
0,"agree,not all #muslims r #terrorist,yet great majority of terrorist attacks h bn done by radicalized muslims!    "
0,50%#islamic-info 25%#cricket 10%#all-type-spos 10% -poetry 3%#world-news 2%#add  ye saholat sirf ramzan main hoga  follow @user
0,@user he'll even state how gators are of mexican + muslim descent.. and @user posse will believe him.   
0,i will not delete those tweets they're   tweets. i stand by those #tweets i've been attacked for 21yrs i'm  @user
0,#electronic   attack bull game 3d: do you really think that his head was empty around the city. each side is 
0,extremeboy1 - na:   #porn #nude #hot #shy #naughty #nasty #kinky #slut #sexy #horny #young #snapshot #wet #xxx 
0,"wrong!orlando shows muslims are above the #lgbt community on the liberal ""victim hierarchy"".    "
1,@user dwyane wade #nbavote    if you hate  #boycottdelta #islamophobia
0,#cnn is now as bad as #msnbc...down playing the role of islamic terrorism.   #media #donlemon
0,@user closing my eyes radical islam radical islam radical islam. opening my eyes are they gone yet. f'n ridiculous. #tragic  
1,@user #allahsoil we should not conflate islamic extremism with terrorism    #emiratis #2016in4â¦
1,@user #feminismiscancer #feminismisterrorism #feminismmuktbharat why  #malevote is ignored  @user
1,here is a video of the event that is worth watching just to see a beautiful white lady screaming scum scum scum f ing scum at the muslim filth
0,the reason large white families were encouraged those days was to build up the population of white germans which were ravaged by the jewish attacks at them during ww1 and in hyperinflation 1920 s
0,racist attack by blacks on a young white girl in france
0,non muslim michigan high school students wear hijabs in school for class lesson to explore religion and identity pamela geller atlas shrugs
0,the muslims have ultra strict racialist private schools the world over why do n t whites
0,they feel the need to close down a prison full of terroris people who aided in the killing of our soldiers and scatter them all around the world
0,yes true it reminds me of this incident muslim extremists abuse royal anglian troops after afghanistan return barking london 2010 youtube
1,hi everyone i m from slovenia and i utterly hate every living muslim in this world and i despise even the dead ones
1,like it or not and i certainly do n t but ireland especially ni is littered with memorials to and even statues of red terrorists
0,i wonder if that s in retaliation for loyalist mobs attacking catholic homes with little interference from the psni last week
1,it s not a coincidence that they attack in packs and side with the herd on every ethical question they re inferior and they know it ill suited to standing up alone or thinking through a complex scenario to settle upon an internally consistent position
0,you realize you are not going to be convincing any loyal board members to the terrific joys of diversity and the cultural enrichment that say the somali muslim refugees are bringing to white communities
1,i honestly hate indians muslims really anything with brown black or yellow coloured skin i hate
0,i just meant in the us generally whether it turns out he s a friend or not my first instinct is always to help one of my own if they re being attacked
0,if a third world savage attacks a jew is it all jewey s fault
0,its not like they cheered on the attacker or gave him a weapon or restrained the victim
0,more black on white crime youtube black students attack white man for eating dinner with black man youtube black attack on white hopkins researcher planned
0,white chicago cop killed with his own gun in attack from behind nnn reporters newsroom forum r i p
1,i could never picture the site of one of the women of the holy rus shacking up with some islamic mud from that fithy impoverished and godforsaken mountainous hole
0,youtube teacher attacked for being white 9 year old attacks white teacher explicitly because she was white
0,this is the 4th attack on a teacher in the last 2 weeks
0,see thread racially motivated attacks on white teachers 9 middle schoolers beat a white woman teacher on a bus on the way to school
0,yes he is very sick person with identity crisis who need therapy
0,watch out finland http www nettavisen no servlets pa 3 item 217373 attack
1,yes muslims do breed like vermin i believe that s part of their intention to breed out other races in order to make themselves the majority
0,shocking this is a similiar incident to that of a boy in england recently who was killed by muslims for wearing an england shirt
0,this attack on a young boy should be condemned by all who post on this site it does n t matter if the lad is catholic or protestant such an attack has no place in any white communities
0,sure sun media sucks off israel but they are also the only media that is willing to tell the truth about the dangers of islam and call natives on their b s
0,blacks and muslims are the majority
0,three times as many muslims are in prison than 15 years ago
0,let me make it clear i do not like muslims but they are still slavs so they are my brothers as long as they keep the religion to themselves then there is no problem for me
0,rip germany youtube x202a pierre vogel und bilal philips in frankfurt rtl news deutschland x202c rlm 1 lone german woman standing up youtube x202a female protester disrupts muslim radicals rallying in frankfurt germany x202c rlm
0,they have been heavily attacked lately
0,maybe it was because of his repeated personal attacks in violation of the rules of the forum
0,this part of the film is right when us personnel came on the scene and stopped the attacks as best they could
0,true but ever know the longer this bs war on terror goes the more high tech wonder war toys they keep coming out with
0,since my relatives used to be arranged for a trip when the feds has a new plan that means there will be a new framed case in february and it always comes with big events as distraction false flag terror attack war natural disaster or all of them
0,dyeing your hair is the right thing to do attack go and run me over a
1,it makes my flesh crawl when i see white girls having to be felt up as they walk down the hallways by big lipped spear chuckers attack
1,i have been talking about it for years the filthy muslims putting their sight on africa in some ways they are worst then blacks
0,the rich who talk of class warfare are the very ones who engineer it and try and convince the poor to attack the middle working class
0,this is the latest anti white attack by a groid
0,children of 8 are racist if they miss islam trip school s threatening letter to parents is met with outrage mail online
1,tralee is a disgrace the place looks like a town in africa nowthe day ireland becomes a muslim country is the day i stop breathing
0,this islamisation is going on all over europe but we can object
1,youtube brussels on 9 11 for a free europe against islamization
1,glad it made news your way the truth must be told but have you noticed it says it is not a racist attack oh but we all know the story shall it of been some poor black bastard bashed to near death in dublin eh
0,you picked a poor time to start such a thread seeing as how just this week the ira were categorically cleared of all paramilitary terrorist illegal activity
0,so is tom still rambling on about putting up machine guns in the city centre lol and that sites great al making all wn look like terrorists so tell us all of some of the irms activism so far
1,the attacks are coming from wankers who live in england maybe even born here and have little or no english ancestry and call themselves british
0,somali turkish bosnian colombian eye shape indicates native american ancestry albanian moroccan tunisian thai syrian refugees arrive turkish group in iserlohn nrw first multireligious christian jewish muslim religious building in berlin http www pi news net 2014 06 berli gioese kirche
0,4 hrs in a sinister development waterford against street crime and organised begging has gained support from the nationalist movement an ardently fascist racist anti immigration anti multiculturalist islamophobic homophobic organisation
1,this is really not european news but everybody should know that after years of lebanese and other arabs intimmidating white women on cronulla beach and after the cowardly attack on two white life savers the lebanese got theirs yesterday
1,if you want to see what having a black kenyan white hating muslime in the whitehouse has created go look at tarantino s latest flick django unchained
0,i m looking for a good book on the terror laid down by stalin upon his own people preferably from a nationalist or at least neutral perspective
1,i live up the block from a muslim mask every friday they rule the streets they think that they can walk anywhere they want and if your are white they give you a look just klike when you pass through a black neighborhood they are the same as them nigs
0,w p w w attack
0,zulu final attack youtube
0,youtube grandson attacks and rapes 87 year old bed ridden amputee grandmother youtube police are looking for flash mob of black teens who robbed dupont circle store
1,situation in switzerland is terrible blacks and muslims are everywhere we were a great country with a great people but all these monkeys are transforming switzerland in a zoo where law is not respected
0,an example of muslim colonisation in some schools we do n t celebrate christmas anymore to respect the many islamic pupils christmas is a part of our tradition of our religion
1,beautiful sweden poisoned by arab muslim trash
0,perhaps you can use this btw notice that the information is accompaigned by a rather clumpsy muslim exercise in damage control
0,we are fighting a war so lets show em let the slaughter begin attack
0,i heard he turned down the offer of a 5 year contract with valentino to pursue a very lucrative extremist lifestyle
1,it s people like this that are the face that represents the filth of islam
1,to be honest i dont think this muslim killed him because he thought the swedish boy looked like a racist it was probably just an excuse
1,islam is not compatible with our way of life in this green and pleasant isle irish people are white and christian ffs
1,i heard from friends in boston this is true blacks will attack an irish america with a shamrock tattoo how long before this happens in ireland
0,i never attacked you and i am not your son plus i dont care what you done p m if you have a problem
0,and yet they attacked the sdl for attempting to publicly mourn the violent death of a white man racially murdered by two paki men
0,when they refuse to convert to islam they will learn at the end
1,police arrest moore street dublin city centre 1 youtube http www youtube com watch v ly 6o4chva8 wait till the blacks riot and and attack cops i give a few years and they will be full scale black riots in ireland
1,it is an extremely cruel act against the poor vodka bottle forcing it to spend it s time forever close to a jew
0,i feel like im the only white guy here anyway if anybody is in the new york area let me know attack
0,14hail victory88 sean gillespie attack
0,all the time we are a targeted people i ve been attacked four times for no reason except i m white and i was alone learn how to defend yourself your friends and your family for any and all possibilities
1,but what do you expect with a homosexual muslim as the mayor
0,i myself have extremely pale skin brown hair and brown eyes but half of my family is blond hair green or blue eyes
0,maybe the subject line for this thread was supposed to say the first black us president was a muslim
0,says the guy who made a thread attacking fading light and defending half breeds if you got a crush on miss aussie do n t be so shy lol
0,i agree we need groups like this in most white nations to protect our own against attack by hostile ethnic groups who lets face it do n t like white people
0,black man murders 15 year old white girl in her bedroom youtube zakeshia caught it on tape youtube young white girl killed by black man she met online youtube http www youtube com watch v fqpazvlq4xq feature endscreen nr 1 ashley taylor talks of being attacked on live tv youtube
0,does anyone have that video of black gang attacking a white teenagers in front of his house and then a black gang of females attack his mother for trying to protect her son
0,youtube blacks attack white man on subway youtube white girl beaten on a bus by blacks youtube black gang attack tottenham high road n1
0,youtube blacks attack white police officers and citizens at iowa state fairgrounds youtube black man gouges out dj s eyes after attack
0,in ideological training i forbid every attack against christ as a person since such attacks or insults that christ was a jew are unworthy of us and certainly untrue historically
0,then how come the only ones they arrested in connection with those attacks were active fsb agents
1,they need to feel it on their skin so next time they wont give my land to the some subhuman muslim dogs
0,woman brutally attacked by 2 men in home police arrest 16 year old 17 year old posted wednesday november 11 2009 updated 8 18 pm est november 11 2009 michael galan 16 and jarve green 17 were arrested by palatka police
0,palatka police said a woman is recovering after two men brutally attacked her inside her home early wednesday morning
0,i find this extremely interesting
0,at least they had someone who would have lifted a weapon towards terrorist or commies that would have hurt them hehe
0,i wonder if the attacker was a swedish national
0,my uncle recommended sf to me after i told him how fed up i was with the russian polish african and especially the muslim i immigrants in england
0,she was muslim not sikh
0,its the rural towns that would allow a community to go unnoticed and unattacked at first
0,i dont mean with kids that young you are doing the right thing with them but an extreme approach works with teenagers
1,sounds like they might have some palestinians of either the muslim or judaic variety in the woodpile throwing stones like that
0,according to okayafrica com a violent scene unfolded monday at the university of the free state in south africa when black students and workers disrupting a rugby match were attacked by white students
0,well i have changed my signature i think it was stupid i was forced to do so just because some people dont like what i have to say but i do hope my new one is acceptable attack
0,started the defeat of the soviet union and now leaders in the fight against islam
0,what are the odds that flags will be ordered at half staff for this communist negro terrorist in the united states
1,the islamic disease is even more dangerous than the more obvious black or yellow disease
0,those islamic disease tend to mimic whites or copy white concepts in various forms and many of them are light skin and even looked like whites
0,sorry to hear about this attack on your girlfriend and i hope she makes a complete recovery
0,i mean who knows should n t they watch out they might end up on a terrorism blacklist
0,funny how they cant send someone to get pics of this so called nazi gang attacking people in the city centre sounds like more hype and nonsense
0,a certain person would want to shut his mouth that person going on about stuff from 1930 had no right to post that information leo would not be impressedwww muslimsout org
0,i would love to visist ireland and eventually move there
0,six years old our granddaughter came home from school today and announced i m a muslim
1,if i was ukrainian i d sign a pact with devil himself to get rid of jewdo islam putinistan aka russian federation
0,north irish militants forcing police from their homes police in northern ireland are being forced to flee their homes by nationalist militants stepping up attacks on a force they consider to be a symbol of british rule a police official said on wednesday
0,lookin for white friends online i m from mexico and i would like to meet people interested in nordic black metal and the holocaust so we can send mails to each other attack
0,well hey as a skinhead of the holy war myself you have no need to start a gruop just join up with the out law church of the creator attack
0,yea thanks for the information as i said in my p m i actully knew nothing of the squatting movement back then and always thought that in modern times it had always been the preserve of small groups of extreme anarchists
1,it is hate if we disagree with this ethnic scum and no hate crime if they attack us
0,i think that s rather extreme
0,if the sensi knows what they are doing they will break down the kata and show you how each move or movies apply to a certian kind of attack
0,look for don mcalvany s revolution and betrayal the terrorist pig was caught red handed with tens of thousands of grenades and anti personnel mines
0,racist attack on tv show south africa bbc youtube
1,just shows the absurdity of obamamania an athletic white woman attacks one libtard to proclaim the holiness of another libtard who may be worse
0,please do n t delete this it is not an attack on kondor s nationality
0,neither an attack on his nose which i ca n t distinguish from my own btw
0,the pourpose of this post is not to promote an islamic ireland
0,i think most stormfront members would agree iam here to promote a white ireland like other members and to warn others about the treat of multiculturalism and islam in ireland
0,there is no moral or just law that says you can not defend yourself your family loved ones home from an unperoked attack
1,migrants living in fear after racist bomb attack on poles northern ireland local national belfasttelegraph co uk they re threatening to leave we re doomed
1,got to laugh at how he is saying about how forward thinking and how much egyptians love democracy when they are about to hand power to a bunch of hard line islamic fundamentalists who are more backward and worse than the last mob you could n t make it up
1,there are london areas that could be described as nothing less than little islamic republics
0,moby extreme ways the bourne clip youtube
1,the regime wants germans to hate themselves too bad that they are not already brown muslims
0,i d avoid the baldwin idlewild area at all costs but everywhere around there is extremely beautiful lots of nature etc
0,because you support an ideology which imposes it s will on other people and then you attack those people for merely resisting their own genocide
0,i just had an extreme mini blizzard cookie dough from dairy extremist
0,you have to have your extreme papers to move here
1,latest reported attack on students by the local negroes was on a couple out getting a pizza in the late evening hours 4 blacks jumped them on their walk home
0,it is amazing that you can create an extremely sexist idea and assume that your idea is just sexist enough to be not be called on its sexism by feminists
0,i do care about arab christians you are not the only one who is feeling lost i know it sucks to be a non muslim in the middle east would you like to move to east asia with me
0,there are extremely few genetic markers that are restricted to only 1 specific area let alone 1 specific nation
0,the weakness of a bat is the wind up when you draw back to swing you are wide open to attack for about 1 2 second
1,if your house door was locked but at midnight your neighbor opened the door for some muslims to come inside and take your stuff rape your wife and beat you nearly to death would you still think your neighbor was a nice guy
0,youtube black guy throws baby into traffic youtube white girl gets beat up by black girls in front of the bar youtube african american flash mobs terrorize philadelphia yet again youtube 6 black women beat latino girl for bad karoke
0,youtube authorities release video of detention officer assaulting edit i actually thought the attacker was a male negroid until i just read a report on it on new nation news
1,oslo turning into a major criminal muslim mecca
0,thats what i tried to tell those nuts over on the health a fitness thread and was attacked for it in post
0,i never attacked you and i am not your son plus i dont care what you done p m if you have a problem
1,islam is a false religion however unlike some other false religions it is crude and appeals to crude people such as arabs
1,to think that such a great christian nation as ireland has an islamic foundation is sickening
0,http www belfasttelegraph co uk ne p story 655156 and the usual loyalist reaction and freedom to nationalists is to attack the harryville catholic church and hold pickets while people pray inside if the parade goes ahead and give abuse and threaten and attack catholics in ballymena
0,the female of this type is often extremely beautiful
1,get one of these t shirts for next time you see him asatru versand kein islam in europa das christentum ist schlimm genug t shirt kein islam in europa das christentum ist schlimm genug t shir themd kein islam
1,you will know it is a nightmare on day you wake up and you have a black muslim running your country
0,wow hundreds of dollars per day spent in the hacking attacks
0,attack hi im new at this so if u want to talk to me let me know i would like to get to know u if u dont mind my name is bill
1,now now lets not discriminate between muslims and jews i say get them all back to the middle east and turn the whole sand pit to radioactive glass
0,yeah it could very well deter wild animals from attacking just be careful in the heat of summer to not burn the neighborhood down etc
0,come and have a look around the area where i live and see all the 18 25 year old muslims parked up outside the schools trying to entice 13 16 year old english girls to get in their cars
0,many alcoholics can fall into zapoy and drink up to 5 7 liters of palenka during the daylight time only drinking water and some old bread as their zakus but it escapes me how they show their extreme europeoid genotype by doing all of this
0,everything that symbiosis a western nation is now becoming a hate sign how come anything that represents jewish or muslim traditions is not a symbol of hate
1,so now stormfront ireland is solely responsible for all racist attacks in ireland lol ted is right this is the work of the kikes those ers are never happy
0,it s the same with jerry springer attack of the kkk dad part 1 youtube
0,i dont get to newport very often but whenever i do go its got loads of asians wandering around mostly muslim by the looks of them i live a couple of valleys over from there
1,traditionally there have always been a lot of them despite the fact that ne asians are the extreme version of our breeding strategy
0,the fact whites stood by while he was being attacked by a group of mestizos is far more disturbing than the attack itself
0,also another film wheels of terror has what appears to be post war tanks in its battle scenes
0,leaked phone call shows newly appointed jewish government in ukraine behind sniper attacks on protesters and police european daily news org thank god for the internet
0,seattle bus attack on a blind woman youtube broadcast yourself
0,another bus attack also in seattle click on link to access video local news seattle bus video shows attack on passenger suspect has 50 arrests seattle times newspaper
1,israely zionist indeed prepeared the georgian attack
0,first in the world we were not afraid to stand up against soviet terror to this i take great pride as you all see the larger article in itself you may find here http www mbl is mm frettir innlent ml nid 1083256
0,well i think that fact that they re muslims goes to show that arabs must have colonised that land and intermixed with the existing somalies
0,they do not want an anti islamic uprising that results in the expulsion of muslims
0,i ca n t wait till they take over our country and we all have to convert to islam
0,le me searching le webs for info about le ongoing crisis in this thread
1,i got sloppy seconds after some muslims used this girl
0,those nations are all extremely diverse
0,i d imagine trying to live there as a white nationalist would be extremely hard
0,obama is by no means a muslim
0,he has the blood of many muslims on his hands
0,every time you see or hear about a british politician fawning over israel just remember that country was founded by terrorists who killed british soldiers and policemen www thetruthseeker co uk p 119398
0,today just add the muslims whom they place just about everywhere
1,"RT @lowcountry_luv: Attack animals, last house on the left by the lake, and she got colored eyes...we should have known.! Lol"
1,RT @walshnyc: Which World Cup Teams Are Jihadis Rooting For? http://t.co/ecU754zHKk @versharma @vocativ http://t.co/8z0B7ocMqP
1,Jihadis Turn Washington National Cathedral Into Mosque For Friday Prayers http://t.co/4AHp4t86bP #lnyhbt #ccot #teaparty #gop #tgdn
1,The value of Abu Qutada&#8217;s statement is that his credentials in Jihadi circles are impeccable. He&#8217;s facing trial on terrorism charges.
1,#Iraq gov troops were handed a severe defeat by #ISIS at Saqlawiya -- there's chatter of over 300 soldiers lost &amp; Jihadis raving about it
1,"Parodies of Jihadi songs - more effective than asinine ""Muslims should condemn"" http://t.co/M6cNV3YsmV #HumorIsAWeapon"
1,Vice News interview with the Canadian Jihadi has the poem I translated f4 u as its sound track http://t.co/7gebzU4Paz http://t.co/WwL05Orih6
1,On the anniversary of 9/11 #ISIS &amp; Al Qaeda supporters each claim Ben Laden as their own as a show of their Jihadi authenticity #pathetic
1,"RT @PriyaOhol: In Hopes of Recruiting More Women, ISIS Opens Jihadi Finishing School http://t.co/yKyFIJZgSI @aekulze @vocativ http://t.co/a&#8230;"
1,I uploaded a @YouTube video http://t.co/8rLE3JNr GOProud Makes Money Out of Twinkie Crisis in Free Market Spirit
1,RT @LadyMercia: Mother of Manchester 'terror twins' who went to Syria to become Jihadi brides snatched by ISIS ... http://t.co/trhNMdVnCM v&#8230;
1,"@Liveitupjersey yeah...I try NOT to follow them ZULU looking bitches.  #muslims FLAT OUT NO WAY! I use my sheets on my bed, NOT MY HEAD!"
1,Morning terror read: 99% of the ocean's trash is gone and no one knows where it went &#8594; http://t.co/CwC2LWCV3T
0,"Hey. @BarackObama. Don't be like a stupid white bitch in some horror movie asks #America to hide from #ISIS behind some chainsaws. M,kay?"
1,Jihadis are running a claim that the King of #Saudi Arabia died two days ago. Must be the bombs falling on em that r making em hallucinate.
1,RT @PatVPeters: Texas ranchers: Terrorists reportedly caught at border; feds clam up http://t.co/1vynD9zbpH
0,RT @D9Rize: @TerrorFranchise @D9Oxy Stfu faggot a clip is 4+ holy fucking tittyy shit
1,@zenterrorist86 @seahopke &amp; profeten voor 'm?Niemand weet exacte leeftijden maar v Aicha opeens wel.Again zelfs mn ma weet niet hoe oud z is
1,Reaper drones pinpoint Jihadi John http://t.co/IBScZeLxXe via @MailOnline
1,WATCH: Excited ISIS Jihadis Getting Their Yezidi Sex Slaves On 'Distribution Day' http://t.co/n9ExnuVhKs http://t.co/uHZ1qKcrJE
1,.@nathirhussein Al Qaeda's market share is dropping faster than Viacom &amp; Enron in the Jihadi stock market
1,RT @BlissTabitha: Homeowner Shoots Armed Suspect Who Attacked and Pistol Whipped Him http://t.co/VLuEwUGclg
1,"Like Baathists before them, #ISIS &amp; Al Qaeda supporters' rivalry is as absurd as their cause - battling for who's the more authentic Jihadi"
1,Jihadi rehab needs to account for the unpleasant fact that it's the worst behaviors that *attract* participants. http://t.co/nJJGA7S5LQ
1,Sinai Jihadi Group Beheads 3 Accused of Being 'Spies of the Jews' http://t.co/3CDOsElI1k via @BreitbartNews
1,WATCH-Military Monday Jihadi Bitches Slaying: BADASS - A-10 Silences Taliban During Intense Night Time Firefight... http://t.co/Px9cN8fCW5
1,"From Jihadi streams: Rutba, Anbar Province, #Iraq http://t.co/K6j37J2sgL"
1,Friendly advice to western reporters in Kobane: don't advertise your location. Jihadis are tracking u &amp; consider u a high-prize target #ISIS
1,"Now, the Jihadi networks waking up &amp; claiming #Raqqa radio &#8220;confirmed&#8221; two planes shot down &amp; 1 pilot captured. #ISIS #Syria"
1,@who__CHRISJONES @WhyYouSoShort who tf is chrisis jones. A nigga botta get his ass beat clearly bitch nigga u see real niggas conversatin
1,Jihadi propaganda ploy:US had Gulf countries publish pics of their pilots 2 deflect Sunnis anger from itself &amp; iran http://t.co/pFxYby2c15
1,Hats off to all hoodrat chicks from the ghetto who have anxiety attacks at formal events
0,"RT!
COMMENCE CARPET BOMBING! All #Iraq soldiers in this video http://t.co/7oLD2eDB1R executed by Jihadis from #Tunis http://t.co/02E1cEOE3z&#8221;"
1,"RT @LeMarquand: Jihadi-In-Chief Hussein Urges restraint in Fighting Islamic Butchers&#8252;&#65039;Apparently, we SHOULD be nice to ISIS...we might hurt&#8230;"
1,He bring the hoes out on twitter nigga got magical powers RT @thisisyoungdj: Who is @DJZeeti?
1,"HOT ISIS SOCIAL MEDIA PHOTO: Laughing Jihadis Get Baby To Kick Severed Head &#8211; ***warning, graphic*** http://t.co/7Zr8daxNg4 #tcot #pjnet"
1,RT @mediacrooks: Only an extreme lowlife bitches abt her juniors in public @SagarikaGhose .. Rajdeep Reveals His Ugly Character In NY http:&#8230;
1,Jihadis keep on prattling about having shot down today what they think is an Apache helicopter. Maybe it was an Mi-35?
1,EXPOSED: Jihadi kidnap and murder handbook... and plan to infiltrate British Army and police http://t.co/gkP1vG6Pnw via @wordpressdotcom
1,*Does backflip* THISSSSSSSS!!! RT @Krislisisms: You niggas switch up your opinions like faggots
1,Jihadi John beheader of journalist Foley and Sotloff Was 'Arab Charity Collector' http://t.co/RL7F2qV56F via @BreitbartNews
1,"Note the rocketeer removes cardboard from launcher and carries it to a trash bin before fleeing.
#TidyTerrorist

http://t.co/sb3U1XpeG4"
1,"@BarackObama glad you brought that kid home, but he fucked up and should face the UCMJ. don't care about Taliban pussies really."
0,I really just want to kill some towel head terrorists already &#128530; can high school be over now please?
1,@ebgbz1 @RussellTpot This bitch sees that as not an attack because Muslims are only 1% (no idea where he maths)
1,RT @mediacrooks: I believe the time for uncouth/uncivilised people to be sentenced to death for racial slurs/attacks against NE citizens...
1,"Foley Abduction Linked to British Jihadi Kidnapping Ring http://t.co/X6SIP3woXb via @joshrogin, @elilake"
1,WATCH-Military Monday Jihadi Bitches Slaying: BADASS - A-10 Silences Taliban During Intense Night Time Firefight http://t.co/osAgQo567K
1,I pictured Angus running up the side of FOB Sharana with every day in Afghanistan @ReturnTo1776 http://t.co/zj1MK6w7EF
1,Idiotic censorship drive by #France President fails to understand that he's empowering Jihadis by censoring the internet wholesale #fail
1,ISIS Supporters in America: The Jihadis Next Door http://t.co/u0YHWkD34c http://t.co/0XHPbRL9EQ
1,US spy planes are flying over British skies in hunt for Jihadi John's assoc's with advanced tech! http://t.co/XfSeZSzu0m via @BeforeItsNews
1,Jihadis taunting America &amp; spreading paranoia: tents that appeared in a video of a Daesh training camp near Mosul. http://t.co/GH3EbBfB3t
1,RT @Krislisisms: B/c her ass fat? Maybe her pussy wack &amp; it drove her man to crack. RT @FightCIubs Khloe Kardashian is winning at life http&#8230;
1,@goldnsilvercoin the worst terrorists are republican teabaggers...
1,RT @LJSpagnoli: Isis and Jihadi Terrorists 'Post 90 Tweets Every Minute' to Spread Propaganda http://t.co/eRJMveF996
1,"Damn bird nearly gave me a heart attack...! And all she said was ""Oh."" Bitch Oh..??"
1,RT @B1B_Lancer: Cue the liberal left's Uncle Tom attacks against Tim Scott in 4...3...2... #tcot #teaparty #GOP
1,RT @Krislisisms: Hot 97 trash.
1,"@BillPeriman @Po_st, I bet he would have gone ape shit and killed them all if they attacked Muslims."
1,"""How about we draft all those gung-ho folks and send them to Afghanistan or other war zones so they can show their... http://t.co/sR1zceHx"
1,"RT @PolitiBunny: #YesWeDid attack, harass, threaten, mock and bully any woman or minority who dared not fall in line with our progressive a&#8230;"
1,Now infuriated Jihadis are putting out murder requests on #Saudi fighter pilots who participated in the bombings in #Syria #ISIS
1,RT @Holyfield67: Jihadi Work Accidents: 13 Taliban Fighters Killed When Their IEDs Detonated Prematurely&#8230; http://t.co/JUphsx1zps #Celebrate&#8230;
0,Apaches' 30 MM rounds turn Jihadis into tomato soup @MarkRothschild1 @Rockprincess818 @NoFear3136 @Lanna70115
1,RT @VideriQuamEsse: British Jihadi Mother Who Wants to Be First Female Executioner is MI6's Most Wanted http://t.co/INZPvpf2tN
1,The pro-ISIS Jihadi prayer from Hajj making the rounds now. http://t.co/5ee3eDXuOa
1,"RT @10thAmendment: Jihadi Killed #BrendanTevlin In N.J. W/ At Least 2 Others,Part Of Terrorist Ring 10 Yrs Ago http://t.co/qZtXJv9x8J http&#8230;"
1,"RT @MaxAbrahms: When Americans claim #ISIS is just a ""local threat,"" reply: You mean just to Iraq, Syria, Turkey, Jordan, Saudi Arabia, Leb&#8230;"
0,Only Americans would hire white trash with ties to international terrorism as police officers.
1,@MissStef0318 @_MariaPetrova teabaggers weakening food and environmental regulations is infinitely more scary and lethal than terrorism.
1,RT @keithscho: Watching the Innocence of Muslims. That dude who played Muhammed must be getting a ton of pussy now.
1,"HAHA &#8220;@BASEDNAFRICAN: ""If ANY of you bitches even THINK about attacking me in the elevator...."" http://t.co/cp2C1iQria&#8221;"
1,@thisisricklol sexy bitch
1,Other Jihadi news #ISIS executed #Kuwait preacher Redha Lari coz he was..&#8220;too extreme&#8221; &amp; hampered reconciliation with Nusra with his fatwas
1,Jihadis betting on public protests in Britain to force UK gov out of the anti-ISIS coalition http://t.co/5gJSmrfzWJ
1,#CelebrityLeakedPhotos YEAH&gt; NOW YOU KNOW how it feels knowing the #NSA is on all our phones. Quit whining like #muslim #bitches.
1,@Jwreich142 @SteveWorks4You teabaggers are extremely dumb...
1,"Jihadis claim to have shot an #Iraq army Mi-35 attack helicopter in Beji &amp; identify its pilot by name, rank"
1,"@Texgalleslie 
You can bet Valerie Jarret has her hands all over this ""humanitarian Crisis"". I Didn't vote for that commie bitch."
1,"RT @Krislisisms: Grow up, bitch."
1,"I be jamming Skid Row,Kix,Cinderella,Damn Yankees,Bon Jovi,Def Leppard,Whitesnake,Extreme,Vinnie Vincent Invasion,Ratt,Scorpions etc"
1,"In Hopes of Recruiting More Women, ISIS Opens Jihadi Finishing School http://t.co/nMua12yr2W http://t.co/qi1YqNmemw"
0,RT @sheemteam97: Fuck the Islamic State!! We will kill those cunts&#127468;&#127463;
1,"""@hxhassan: Jihadi patron Hajjaj al-Ajmi is arrested at Kuwait airport https://t.co/ZmloKfWDQl"""
1,"http://t.co/AFR2NSpcpI. If those asshats at CAIR called ME an islamophobe I would say ""guilty fuck you... Pass the bacon bitch""&#128518; #tcot"
1,WATCH: Excited ISIS Jihadis Getting Their Yezidi Sex Slaves On 'Distribution Day' http://t.co/n9ExnuVhKs #ISIS #tcot #pjnet #lnyhbt #gop
0,"RT @JihadistJoe: We Muslims have no military honour whatsoever, we are sub human savages that slaughter unarmed men, women &amp; children http:&#8230;"
1,"&#8220;@DavetheBrave1: Watching #AttackofTitan on @adultswim&#8221; bro you a HAN for stealing my tweet, bitch ass nigga"
1,RT @hoadie1006: #vermontgirlsbelike my hick accent comes out when I get around my family #vermontproblems @THISISVT
1,"@LilMissRightie Hey #teabagger the #benghazi thing is a joke. 13 Benghazis under Bush, no hearings. More on Benghazi than real 9-11 attack"
1,"Tolerance? What, in sharpening knives? 200+ years Jihadis have been a pain in our a$$. @GermanShepher10 @crookedwren @allahpundit @JammieWF"
1,"""@WBUR: A smuggler explains how he helped fighters along the ""Jihadi Highway"": http://t.co/UX4anxeAwd"""
1,John McCain trashes Jay Carny live on CNN - #Syria #ISIS #Obama http://t.co/ZT690BkTrI
1,The Perfect Gift for the Jihadi on Your Shopping List http://t.co/YbcsutdGMw http://t.co/nNwums32b4
1,Obama's Hellfire missiles tend to vaporize Jihadis @BemetOr8 @PureMonotheist #UniteBlue
1,@fredabrahams @Brown_Moses I saw the actual tweet while scanning Jihadi accounts. They put a screen shot of it with: all aid workers r spies
1,"Note: Khorasan is the old Arabic name for parts of Iran, Afghanistan. Not an invention of modern Jihadis. #justsayin"
1,RT @RayyyZoR: I call this the 100gram sugar delight or a Heart Attack. It's a #PopTart #Twinkie &amp; a #HoneyBun http://t.co/s6ZnLVlvLI
1,"WATCH - WE SALUTE THE VETS &#8211;Tuesday Jihadi Bitch Slaying: MK-48, M203&#8217;s Fired At Taliban Cockroaches During Firefight http://t.co/yFucN0Dwzq"
1,Islamic Jihadis run away to Pakistan @PureMonotheist @BemetOr8 #UniteBlue
1,"@terrorwatchusa .....I think its about #Whites trying to be the most #Blackish ......what we in Socal call ""wiggers"". #liberals #democrats"
1,Jihadis circulating a video of the killing by Boko Haram of a Nigerian pilot captured after his helicopter was shoot down
0,RT @InfidelAlie: Yay for America &amp; Israel... we put in more Jew Hating muslim trash into our government! pathetic &amp; sickening
1,RT @kep0ne: I'm pretty sure @Krislisisms just called that dude a faggot
1,"@MarieJoseGMH @DWB666 @seahopke @zenterrorist86 tegenwoordig weet je ook al niet wat voor vlees je eet,voor je t weet is t zebra of een aap"
1,RT @mathewsjw: Muslim Jihadi fighters book tickets on cruise ships to Syria and Iraq&#160; http://t.co/auFmcZ01Y3
1,Obama&#8217;s Newly Released Gitmo Jihadi Has Links To Terrorists In Syria http://t.co/MywaAFD1yB #tcot #pjnet
1,WATCH-Obama&#8217;s Newly Released Gitmo Jihadi Has Links To Terrorists In Syria http://t.co/GufKoy44tk http://t.co/3n7M4PfNMx
1,RT @morningmoneyben: This image of Peshmerga giving the heave-ho to an ISIS flag really brightened my Friday. Kick their sorry butts!! http&#8230;
1,@TheIslamHeretic @WarMachine_83 @BasimaFaysal @MariamVeiszadeh cause it would their tip hand instead they whine like little bitches=&gt;
1,"""@talibanshawtyy: Niggas whole hoes out here cuz"" Couldn't had said it better..&#128588;"
1,Boston's Jihadi Nest and Student Arm of the Muslim Brotherhood &#187; Joe For America http://t.co/4IfJwoeSDR via @RealJTP
1,RT @michellemalkin: In which I refresh dhimmi Seattle mayor Ed Murray's poor memory of city's long history as a jihadi breeding ground==&gt; h&#8230;
0,RT @HeidiL_RN: Fuck Islam you pigfucking trash troll. @ItsJustMe7o7 @MzKeriEvans @ctbauza
1,"Jihadi pop music debates: &#8220;yo, bro, did you hear the latest Abu Yasser hit?&#8221;, &#8220;No bro, I&#8217;m totally an Abu Hajar fan&#8221; #UnderGroundCulture"
1,"Also, it&#8217;s a hiccup to Jihadi propaganda: they portray themselves as the only ones willing to die for their cause."
1,"Disturbing: feeling pressure from #ISIS fanboys, Al Qaeda fanboys resort to celebrating 9/11 to reclaim their Jihadi bona fides"
1,"HOT #ISIS SOCIAL MEDIA PHOTO: Laughing Jihadis Get Baby To Kick Severed Head &#8211; ***warning, graphic*** http://t.co/XdpSzwj6sK #lnyhbt #tgdn"
1,"I'm dracula bitch, don't got a problem smackin a bitch
Kidnap em, attack em with axes n shit"
1,RT @elcinpoyrazlar: Two Jihadis Arguing Over Stolen M&amp;M's Will Make Your Day http://t.co/uFRcLDiovX @markham @vocativ http://t.co/zukwJ2ve2d
1,RT @Rajput_Ramesh: Friends a Proud Hindu n ShivSainik brother shri Ramesh Jadhav was murdered by Jihadis plz help trend #RameshJadhav http:&#8230;
1,@DividendMaster obama is a bitch his speech was pure politics for mid terms. Only way we destroy ISIS is with troops on the ground.
1,WATCH: Excited ISIS Jihadis Getting Their Yezidi Sex Slaves On 'Distribution Day' http://t.co/n9ExnuVhKs #tcot #lnyhbt #pjnet #tgdn #gop
1,RT @2AFight: Muslim Jihadi? Keep Calm and.... http://t.co/iW6HT090s8 #PJNET #tcot #tgdn #ccot #RedNationRising #teaparty #2A #NRA http://t.&#8230;
1,"RT @jgalt666: Don't let a crisis go to waste.Dems Exploiting Ebola to trash Repubs opposed to Obama&#8217;s choice for Surgeon Gen, http://t.co/&#8230;"
1,Not a word on Jihadi stream about the Kurdish female suicide bomber in Kobane. That story undermines their mythology on several levels.
1,RT @Krislisisms: Today something is dope. Tomorrow that same thing is trash. Next month it is irrelevant. Next year it's classic.
1,"@TerrorFranchise Nope, definitely retarded."
1,"RT @WayneRoot: Well there's difference between Erick Erickson and me. I've always understood Obama is Muslim Jihadi sympathizer:
https://t.&#8230;"
0,"@GoDaddy Hope you guys do get attacked for supporting SOPA, bunch of dirty snake faggots."
1,Rotherdam #RapeJihad coverup: young girls sacrificed on altar of political correctness in favor pf paki pedo gangs http://t.co/RDgyG6GURv
1,And now Jihadis bragging about a massive bombing in Sadr city in Baghdad. #Iraq #onslaught
0,"You #football #nigga #KISS #ISIS #wifebeater #faggots&gt; WE SEE YOU&gt; Shout it out to the RADICAL #IslamNation, #YO&gt;"
0,"Obama&#8217;s faves: Muslims, black ghetto trash http://t.co/qTfjRAijwn via @worldnetdaily"
1,"@Morning_Joe Wonder how many US citizens have joined ISIS after listening to Joe Scarborough trash this ""black President?"" Good Job Joe!!"
1,&#128563;&#128563;&#128563; RT @winterlove___: &#8220;@thisisyoungdj: Every girl got a #wcw and fake gay til it's time to eat sum pussy. But I'm &#128564;&#8221; not me &#128523; lol
1,"RT @TheStrangeLog: Nerf the hell out of birds, they no longer attack you at long range, lower damage, don&#8217;t follow you forever."
1,The Perfect Gift for the Jihadi on Your Shopping List http://t.co/wTNOloSY4t http://t.co/AuTAVOeG2u
1,@CheckMyLingo_ @Kingpin_Terror ima get this so every time I throw trash away its where it really belongs http://t.co/DRGBekvzun
1,Yall bitches only muslim when yall hair fucked up ctfu stop that youngs!!
1,"&#8220;@El_Grillo1: Islamic State suspects in Indonesia are Chinese Uighurs http://t.co/58IDicaHzT&#8221;
Uighur Jihadis: they're not just a PRC tool."
1,&#8216;Chillin&#8217; With My Homie Or What&#8217;s Left Of Him&#8217;: British Rapper Turned ISIS Jihadi Poses With Severed Head http://t.co/L9vMdNOXPg #tcot
1,I am extremely sad to have to admit that some of the best 21st century Arabic rhymes have been written by Jihadis
1,"RT @Factsionary: Pink ""albino"" dolphins are extremely rare but do exist in the wild. http://t.co/gWyLpgC9lP"
1,RT @TiredOfTyranny: Jihadi Work Accident: Seven Taliban Fighters Including Top Commander Killed When Roadside Bombs Detonate Prematurely&#8230; h&#8230;
1,One of the world's most prominent Jihadi forums just got shut down &#8594; http://t.co/9vafK90DOU
1,Ayo I jus had a mini heart attack behind the wheel..north Philly n fire crackers don't mix&#128553;&#128553;&#128514;&#128514; I&#8230; http://t.co/o5v2E4LFtm
1,"HOT ISIS SOCIAL MEDIA PHOTO: Laughing Jihadis Get Baby To Kick Severed Head &#8211; ***warning, graphic*** http://t.co/P4MiSIV5A1 #tcot #pjnet"
1,"@LandRoverUSA Our ""Disco"" we used for disaster recovery was an awesome brownie points to how well built they are. Most extreme conditions!"
1,Hey morons at #foxnews and #foxandfriends was it political when Bush raised terror threat right before the election? LMAO at u #teabaggers
1,Officials: Jihadi Cockroaches Now Booking Tickets On Cruise Ships To Syria http://t.co/hWKfMe75kx http://t.co/rLTlVYGpTl
0,RT @DefendWallSt: Tell me how you really feel. RT @1SleepingGiant: those little #ISIS faggots usually have bags over their heads anyway.
1,"Pic circulating on Jihadi feeds claiming an ""ISIS flag"" on top of Mount Arafa in the holiest day of pilgrimage http://t.co/46YfuflyZV"
1,@kinkymuslim bitch music
1,Now I am seeing chatter among Jihadi fans taking credit for an alledged kidnapping of a Frenchman in #Algeria #France
1,CAIR Publishes a Hit List for Jihadis http://t.co/hvVfXypmHm via @RealJTP If you are a red blooded #American you may be on the list..
1,"ISIS Jihadis In Australia Shoot Man In The Face, Chanting &#8216;ISIS Will Stay&#8217; http://t.co/xyzXv5LZs1 #tcot #pjnet"
1,"RT @ArcticFox2016: 150 Christians MASSACRED By Jihadi Muslims While They Slept! Including Pastor, His Wife &amp; Kids http://t.co/VnR60MjFo6"
1,"Female Jihadis, European &amp; American: GRAVE Dangers! - Joe For America http://t.co/9hkpdwq7VR via @mattwalshblog"
1,I miss having Jihadist bitches in my crosshairs... Ahhh the good ol days...
1,Jihadis seem to be more upset over the location of the Jedah conference in #Saudi than its purpose #ISIS
1,RT @townhallcom: Charlie Crist Refuses To Back Down From Race-Based Attack On GOP http://t.co/zSHn94OK9S
1,"RT @Rockprincess818: Obama is Allowing millions of illegal aliens, drug cartels, and terrorists to enter our open borders...Liberal retards&#8230;"
1,Jihadis identify a man from #Indonesia as the one who carried a massive suicide bombing on Speicher camp #Iraq http://t.co/h1hjHYnbY2
0,"@LokiHulibele @mediacrooks @AamAadmiParty They have mix, not all are retards. AAP is Maoists, terrorists,Congies and delusional Retards"
1,ISIS Jihadis Discuss &#8216;Buying And Selling&#8217; Yezidi Girls As Slaves http://t.co/UoPgIPOpWS #tcot #pjnet
1,RT @creepingsharia: Syrian Brought to US for &#8220;Democracy Training&#8221; Endorses&#160;Jihadis http://t.co/lfhCto8777
1,Jihadi John has struck again. Prayers with the victims' families. What is the #bounty on His head? Time 4 him 2 meet allah
1,@Articulate_Aura bro you know I can't not comment on stupid shit like that..bitch Instagram a heart attack on a plate
0,That pic is now circulated by Jihadis with a call to kill him. http://t.co/PUn8fNVBal #Saudi #ISIS #Syria
0,so much stuff happening in florida! first #orlando shooting and now #disneygatorattack on a two year old kidð¥ð  
0,carrying a gun wouldn't of helped if you can't take it in with you. gun control won't stop the black market! terrorism will get worse!  
0, @user @user gets him angry.  a muslim assassinating 50 not so much.    
0,@user terrorist = constitutional rights?  this is just another excuse by republicans to appease the nra with no gun control measures. !
0,"#argentina2015 attack bull game, do you really think that his head was empty around the city."
0,#blackpool attacked bull game.
1,@user #feminismiscancer #feminismisterrorism #feminismmuktbharat why  #malevote is ignored  @user
1,"@user yes lets do this,suppoing a openly ,#prowar #anti #islamic,#homophobic,#rapist,who advocates more of same,#hypocrite"
0, @user #rochester   attack bull chase: when you leave the lot despite the fact that you're a strong source of f 
0,help! bubble attack! #winter #bathtime   #cozy 
1,"@user #trump used #hate,  and #putin to win the white house #trump presses attack on khan family and g.o.p. leaders "
0,@user gets him angry.  a muslim assassinating 50 not so much.    
0,"the attack in #orlando has caused a lot of pain to many people. #vengeance is not an option. we are all very  , lets comfo each other"
0,they have been brainwashed by the left who is allowing these terrorist to come into america to kill them. 
0,"weâre extremely   to reveal the first #official #poster for #poalorigins [pa 2], coming this #summer. moâ¦ "
1,@user #allahsoil the next best seller book! #isis #islam #2016in4worlds #2016in4words #terrorists #gwot â¦ 
1,"@user radicalism shouldn't be countered with . terrorists see us as inhumans, but we ""the free"" can't judge by color,â¦"
0,sick verbal irony of the #left:  equaling homophobe &amp; islamophobe.  protecting both the viper &amp; the mouse as the viper eats the mouse.  
0,"so sad #waltdisneyworld   alligator attacks 2-year-old boy at disney world, recovery effo continues "
0,#dumbest repoing of the day @user did everything they cld 2 blame.
1,"also #keyboard is  when i type ""cause coopting terrorists"" reg syria it autocorrects to ""cause colored terrorists"""
0,sma aliens &amp; or clever clogs have devided afghan nation into two political entities namely afghans &amp; taliban.   #pak love #poorafghans!
0,"can't wait to hear how #crookedhillary describes #pulse incident since she is incapable of using the words ""radical islamic terrorism""  "
1,"this. #treasonoustrump, unsatisfied with his #whiteisis  #terrorism, has moved into nuclear terror in a newâ¦ "
1,@user #feminismiscancer #feminismisterrorism #feminismmuktbharat why  #malevote is ignored  @user
1,@user #allahsoil not all muslims hate america.    #emiratis #2016in4words 
1,"bullshit, he was thrown out for being a muslim   "
0,the world of #extremism   
0,.@user not even one example? let me guess: you're not allowed to or are too fearful to speak of #islam? such is a   #cliche
0,#streetautopia   attack bull game 3d: do you really think that his head was empty around the city. each si 
0,#basketball attacked the bull chase: when you leave the lot despite the fact that you're strong.
0,#years   attack bull chase: when you leave the lot despite the fact that you're a strong source of food 
0, @user true. just look at the #lgbtqhatestrumppay tl they side w/those who want access for terrorists who want them dead 
0,@user #media &amp; #politicians r making it all about #guns &amp; #radicalislamic pending on #agenda &amp;   #mourn the #victims #orlando #tv
0,let's be weird together ðð  #dellaishaislamizaraadhitya #love #daughter   #throwback #tbâ¦ 
1,@user #allahsoil the âcrusaderâ west vs. âislamic terrorismâ is a popular sequel to capitalism vs. communism. 
0,"seriously, when i saw #orlandoshooting on tv, it reminded me #parisattack... ð±ð¢ world really goes crazy ð¡ð¡#loveislove   #prayfororlando"
0," @user hard to take your ""national security"" seriously when it's moored in ""i'm with racist,"" topped w muslim ban.    "
0,#arianagrandedrawing attack bull game 3d: do you really think that his head was empty around the city.
0,"i ""hear"" a muslim migrant, registered as a democrat and gun owner, killed a club full of gay ppl. this narrative should be interesting.  "
0,confirmed #orlando shooter was a #muslim #terrorist following #islam #quran to the letter.   #ramadan libtards 
0," @user 3rd ramadan  how fast this ramadan is going off.,????   #themonthofblessings #islam #bliss"
1,"this much #hatred, #xenophobia, #islamophobia, #antisemitism,  and #war was 'too much' for 2016. let's hope #2017 will get less ðð·"
0,#pet   attack bull chase: when you leave the lot despite the fact that you're a strong source of food fo 
0,watch   mob of #islamist #attack a #radiohead fan '4 #drinking beer'in #turkey  #ramadan 
0,@user @user the only one who cares that the word islam is used is your glorious leader with the limited vocab   #neverump
0,blame the person as u do to one of your own..  #islamispeace #orlando #prayfororlando    #tragedy
1,happy newyear! #sameshitnewyear #corruption #trump #terrorattack #fundamentalism  #violence #isis #crisis #hatred #murder #terrorism
0,todayâs shootings are an attack against us all. but i especially hu for my lgbt friends. #prayfororlando #speechless #why  
0,@user muslims are just doing what their koran says to do.  
0,woke up to terrorist attack in orlando and bombing in airpo... wtf has the world become  
0,#upliftingnews muslim community break their fast in order to donate blood. fasting is one of the 5 pil...   
0,#yolo   attack bull game 3d: do you really think that his head was empty around the city. each side is suppo 
1,@user #feminismiscancer #feminismisterrorism #feminismmuktbharat why  #malevote is ignored  @user
0,  #weekend enjoy your day! #nottinghill #thisislondon #streetscene 
1,new video shows how  this guy  and how he staed to abuse and humiliated an muslim guyâ¦ 
0,breaking @user will not charge #omarmateen cancellation fees bc he's a muslim    #muslim #terror #news #truth #equality #alllivesmatter
1,.@user exemplifies the #swamp draining it #20days  #dems #taxpayer thieves #islamicterrorist enablerâ¦ 
0," @user @user wow fox news, his parents are afghan origin , not him.. he was born here . way to sta spinning up xenophobia wiâ¦"
0,"#prayers to the families of those killed &amp; injured in orlando, florida. such a horrific attack on innocent people. so unbelievably  . ð"
1,@user #obama suppoing #communism+#islam which is another as deadly ideology isn't 'bout #race-only suppoing #nazi=â¦ 
1,prison officers goaded #muslim inmates until they needed to be restrained as pa of a  game 
0,"woh repeating.the orlando shooter pledged allegiance to isis, who would've executed, not allied with him in person   #ridiculous #irony"
0,alot of   against #trump today. if #he used that determination on radical islam. isis would not exist #killevil 
0,"gays killed en masse by islamic murderer, but this twink blames @user for calling out the culprit.   "
0, @user #pjk: 42k suicides + an = number of overdoses #hr2646   #irrelevant #bill #thathelpsnoone #end #dentalcrisis 
0,#its incredibly sad reading people's twitter posts.
0,"@user it was an attack on human kind, but also some of the most vulnerable+ historically oppressed humans.  "
0,so much for the terror fears. russia-england: the tale of a split europe   #euro2016
0,#attacked bull game 3d: do you really think that his head was empty around the city. each side is suppos 
0,some say that #trump suppoers are all terrorist gun toting religious fundamentalist psychopaths.  some say.    
0,#tropical   attack bull chase: when you leave the lot despite the fact that you're a strong source of fo 
0,i'm extremely happy ð¤   #inlove #blackandwhite #bathroomselfie #kookaidress 
1,#afghan terrorist attacked the innocent people.
0,#selfporait   attack bull game 3d: do you really think that his head was empty around the city. each side 
0,@user your thought- provoking &amp; sensitive film about scotland valium crisis was heabreaking   #hopeforlevi
0,i'm so sick about this news of this little boy!   #disneygatorattack  #alligatorattack
0,@user  if you  cared weed out radical islam.  let me guess you are against the war . people have died and you are being political.  
0,the world of #extremism   
0,@user @user @user @user the mayor is nothing like @user - can't one defend against false attacks?  
0,walking around san francisco #sanfrancisco #trip#family  #blessings #training #bodyattackâ¦ 
0,"you tell versions of lies, @user with your hatred and vile attacks upon black men and women, theron.   @user @user"
0,#igersbnw   attack bull game 3d: do you really think that his head was empty around the city. each side is s 
1,"why only target little #muslim children for mispronouncing ""terraced house"" &amp; treat them like criminals!â¦ "
0,"@user only for one day  ,26/11 3 days #us made terrorists attacked india for three days,imagine what is india #position?."
0,"oh, on @user ... never mind!  #potus #muslim #sick   "
0,"this wasn't only an attack on the lgbt community, but america as well.  they may have been isolated/targets, but this affects everyone.  "
0,50 americans were murdered by a terrorist &amp; people on social media are more worried about calling out politicians/arguing.   #priorities
1,my family's horrible  attack at #thegreenpalmcottage in #plettenburgbay #westerncape thyini thiza! we want tâ¦ 
0, @user @user @user is this not the definition of letting terrorists win?  
0,my hea goes out to all affected by this act of terrorism. #yyc #orlandoshooting #orlandonightclubshooting   #terrorattack #love
0,sad world... #orlando #tuerie #terrorism #usa   
0,threats from terrorists are becoming real   
1,peace out fucku2016: 2017 wonât be better unless we loudly fight #corruption   #xenophobia #islamophobia #homophobia #resist
0,getting   because the #crowd stopped #laughing when i said i'm #muslim #livecomedyâ¦ 
1,@user #allahsoil we should not conflate islamic extremism with terrorism  â¦   #emiratis #2016in4wordâ¦
1,@user #allahsoil lehman brothers went belly-up in september 2008  â¦ #2016in4words  #islamâ¦ 
0,fuck u isis/homophobicbiggots/theeu/uefa &amp; russia   at u all today!ð¡
0,the #democrats own #islamism #socialism and #sodomandgommorrah so the blood is on their hands.  @user @user 
0,#fitnessaddict   attack bull chase: when you leave the lot despite the fact that you're a strong source 
0, @user jo cox mp dead after shooting attack    
0,controversy trifecta: isis inspired mass shooting perpetrated with a legally purchased assault weapon aimed at gay victims. #loveislove  
0,  clinton: i'm 'happy to use' the phrase 'radical islamism': presumptive democratic presidential nominee... 
0, @user #shocking #video of #couple #attacking #vehicle yesterday #news #hot #weather makes #people   #roadrage  
0,#fo   attack bull chase: when you leave the lot despite the fact that you're a strong source of food f 
0,very  !. what happened in #tel_aviv !. #israel will be #strong ð®ð±â¤ï¸ ð tired of terrorism !!ð 
0,"our @user thought killing ppl a ""good"" thing, @user then we got isil/isis. gee, thanks obama.   @user @user"
0,#photography   attack bull game 3d: do you really think that his head was empty around the city. each side i 
0,was just talking about this yesterday. the censorship we are seeing is unreal. our 1a &amp; 2a are under attack.  
0,sandy hook &amp; now #orlandonightclubshooting. we have to #change!  #thoughtsandprayers   #sundaymorning #prayfororlando isis #guncontrolnow
0,tdc media @user &amp; @user must be confused @user  of course it was a hate crime...a #radicalislamicterrorist attack against #usa  
0,"@user wow fox news, his parents are afghan origin , not him.. he was born here . way to sta spinning up xenophobia without a blink  "
0, @user everyone is talking about armin's death lol   #itshouldbesad #letsseetheoceaneren #butthisisfunny
1,#newyearseve factophobia ale with people in 2017 who use following words: #islamophobia  #prejudice
0,#swedenâs state-run tv cancels #jihad documentary to avoid offending #muslimsâ¦  via @user
0,can't quite believe that an mp has been murdered on uk streets. not only a tragedy for her family but also an attack on democracy  
0,"yay, more domestic terrorism!   "
0,  day for #america. sad for lost #lives sad for families. sad that obama will have this happen over and over again #islam #orlando #tcot
0,#studio   attack bull game 3d: do you really think that his head was empty around the city. each side is sup 
1,"@user #allahsoil like all religions, islam is a strong unifying force.   â¦ â¦  #teambtsâ¦ "
1,"here's how to combat violent extremism in 2017. ""the white nationalist who came to dinner""  "
0,#sanantonio @user host @user is no stranger to muslim bashing and he is doing it again today.  
0,conservative america is under attack and @user unjust &amp; prejudicial display against @user is proof.   ðºð¸
0, @user just waiting for john mccain to announce he is suspending his campaign and headed to orlando to solve the domestic terrorist câ¦
1,#rohingya muslims toured by  officials ð¢    #myanmar's .@user and her rulâ¦ 
0,#payhard   attack bull game 3d: do you really think that his head was empty around the city. each side is 
0,"orlando shooter, omar mateen, called a doctor during the attack   "
0,extremely sad to hear about orlando shooting. so many lives affected because of one senseless act. #orlandohorror   #guncontrolplease rip
0,#teaaddict   attack bull game 3d: do you really think that his head was empty around the city. each side is 
1,"#allahsoil interogate about religions, islam can be a strong unifying force.    #teambtsâ¦ "
0,#insectstalking   attack bull game 3d: do you really think that his head was empty around the city. each sid 
1,he graduated from #usa &amp; his friends wanted him 2 forget his rector  against #islam 
0,russia fans went too far by attack people that suppo england ð¡ #suckstobeyou #russiafans #lowlife   #cowereds
1,@user #feminismiscancer #feminismisterrorism #feminismmuktbharat why  #malevote is ignored  @user
0,#fo   attack bull chase: when you leave the lot despite the fact that you're a strong source of food f 
0,#facebook attack bull chase.
0," @user obama, guns are bad, hate is bad, but still not a word about #islamicterrorism you'll never defeat an enemy you refuse toâ¦"
1,"@user bullshit, he was thrown out for being a muslim   "
0,yes! i mentioned #terrorattacks &amp; the #netherlands in 1 sentence because our country = ruled by infants. &gt;not wondering where but when&lt;  
0,no words needed! @user #ns16 #conce #music #live #aarhus #thisisaarhus #livemusic #festival #rock   
1,@user #allahsoil muslims arenât the only ones being displaced by uncle sam   â¦ â¦ #2016in4wordsâ¦ 
1,next attack wont be in japan. guaranteed. #smaimmigration  #zeroattacks #istanbul #religionofpeace #reliability
0,this is where the repressive pc left went so badly wrong-they should be the ones most fighting for reform in the muslim world &amp; culture  
0,#attacks #trump on #islamâ¦ #trump #dismantles him with one # ... -  
1,"@user #allahsoil the odds of dying from extremist violence are roughly one in 400,000.    #emiratisâ¦"
0,katie hopkins: why wonât the left admit the #truth about islam?  @user #islam #political   #jealous #hate
0,"ramazan hs always bn a month of barkat/blessings n peace,with wahabism hijacking islam it's just bloodshed 24*7*365 #orlandoshooting  "
0,happy day ð #thisisme #summeime #instagram #likegram #instagirl   #smile #black&amp;white 
0," @user praying for all affected i. the #orlando #attack last nite. it matters not whether they were gay, what matters is that thâ¦"
0,who's responsible for such senseless act of extreme violence? the media? parents? governments? #stopthevoilnce   #ripchristinagrimmie
0,the #news gives me nightmares. bombs terror sadness everywhere. let's have some   thoughts - anyone? #positivethoughts
0,who still mad af right now? #neverforget #stopisalm #muslimcontrolnow    #lgbt
0,jo cox attack is a sign for all politicians to rethink tactics that incite furore just to #winatallcosts #brexit #bremain #ausvotes  
0,"@user @user @user  - un investigators: ""isis is committing genocide"" lib gov: ""nope""  "
0,#food @user #hipstergirl is   and #loves #food #thisiswhyiwonteverbeskinnyâ¦ 
1,@user #allahsoil the media distos the threat of islamic extremism.   â¦   #emiratisâ¦ 
0,"@user @user @user ""incite them""?  like we should be afraid to upset isis.  lol!  exactly why we're losing.  "
0,no a hate crime or a terror attack. even though he killed her dur to holding different beliefs. #jocox   
0,islam gave them a purpose in life but they left islam so now their purpose in life is to defame islam #useless  ð 
0,@user @user whole speech was attempt for appreciating what he's doing vs isis (not enough) and attacking @user   ðð¼ðð¼
1,@user #allahsoil there is no correlation between the religion of islam and violence.    â¦â¦ 
0, @user #disneygatorattack 'no swimming' signs at gator dwelling lake.  is like: 'stay off grass' signs at the edge of a python iâ¦
0,#sanantonio   attack bull chase: when you leave the lot despite the fact that you're a strong source of 
0,seems we have reached the point where the activities of @user constitute aiding and abetting #terrorism 
0,what prevents you from being a muslim ?   
1,@user #allahsoil greenspanâs policies are now largely blamed for the mogage crisis.   â¦ â¦â¦ 
0,#sanantonio   attack bull chase: when you leave the lot despite the fact that you're a strong source of 
1,"@user @user #potus is attempting to sabotage or country in his final days, #israel #obamacare #isis #energy #russia  "
0,#football   attack bull chase: when you leave the lot despite the fact that you're a strong source.
0,orlando #lgbt nightclub attack: police say up to 20 dead in #terrorist incident    #scary
0,"@user words of terror, rod's conce is cancelled!!! love you thank you for playing rod for me #5days  "
0,#healthandfitness   attack bull game 3d: do you really think that his head was empty around the city. each s 
0,#facebook   attack bull chase: when you leave the lot despite the fact that you're a strong source.
0,"@user i said that to my family the other day, i thought he was probably kicked out of the club and this was payback,not terrorism.  "
1,@user #feminismiscancer #feminismisterrorism #feminismmuktbharat why  #malevote is ignored  @user
1,@user and in a not so stunning response plan to nominate #muslimbrotherhood member @user to lead their  pay.
0,#motorracing   attack bull game.
0, @user 50%#islamic-info 25%#cricket 10%#all-type-spos 10% -poetry 3%#world-news 2%#adds  try kro agr maza na aya to stop  folloâ¦
0,#carving   attacked bull game.
0,precious memories derive from precious moments #afrclothing #thisismyera #monday #grind #father   #summer... 
0,@user i think drug name was invented in punjab during  -bjp regime?its a prob like terrorism in jk and as locals help there here too
0,# attack bull chase: when you leave the lot despite the fact that you're a strong source.
1,@user @user it is people like you whom they've come up with the terms for like  #terrorists and #assholes
0,#facebook attacked bull chase: when you leave the lot despite the fact that you're strong.
